Perturbed dimension,Perturbed dimension display,Threshold perturbation,Threshold delta,Weight perturbation,Weight delta,Applied T_R,Applied T_A,T_C_direct,T_C_review,T_R clipped,T_A clipped,New target weight,Admitted,Delta admitted,Not admitted,Delta not admitted,Admission flips,Admission flip rate,Decision-category flips,Lost admissions,New admissions,Lost client IDs,New client IDs,Admitted-set Jaccard,Direct auto-accept,Review accept,Remediate,Auto-reject
source_reliability,Source Reliability,-30%,-0.3,-30%,-0.3,2.0999999999999996,2.8,2.8,2.4499999999999997,False,False,0.14,12,0,8,0,0,0.0,11,0,0,,,1.0,12,0,8,0
source_reliability,Source Reliability,-30%,-0.3,-20%,-0.2,2.0999999999999996,2.8,2.8,2.4499999999999997,False,False,0.16000000000000006,12,0,8,0,0,0.0,11,0,0,,,1.0,12,0,8,0
source_reliability,Source Reliability,-30%,-0.3,-10%,-0.1,2.0999999999999996,2.8,2.8,2.4499999999999997,False,False,0.18000000000000005,12,0,8,0,0,0.0,11,0,0,,,1.0,12,0,8,0
source_reliability,Source Reliability,-30%,-0.3,0%,0.0,2.0999999999999996,2.8,2.8,2.4499999999999997,False,False,0.2,12,0,8,0,0,0.0,11,0,0,,,1.0,12,0,8,0
source_reliability,Source Reliability,-30%,-0.3,+10%,0.1,2.0999999999999996,2.8,2.8,2.4499999999999997,False,False,0.22000000000000003,12,0,8,0,0,0.0,11,0,0,,,1.0,12,0,8,0
source_reliability,Source Reliability,-30%,-0.3,+20%,0.2,2.0999999999999996,2.8,2.8,2.4499999999999997,False,False,0.24,12,0,8,0,0,0.0,11,0,0,,,1.0,12,0,8,0
source_reliability,Source Reliability,-30%,-0.3,+30%,0.3,2.0999999999999996,2.8,2.8,2.4499999999999997,False,False,0.26,12,0,8,0,0,0.0,11,0,0,,,1.0,12,0,8,0
source_reliability,Source Reliability,-20%,-0.2,-30%,-0.3,2.4000000000000004,3.2,3.2,2.8000000000000003,False,False,0.14,12,0,8,0,0,0.0,7,0,0,,,1.0,12,0,4,4
source_reliability,Source Reliability,-20%,-0.2,-20%,-0.2,2.4000000000000004,3.2,3.2,2.8000000000000003,False,False,0.16000000000000006,12,0,8,0,0,0.0,7,0,0,,,1.0,12,0,4,4
source_reliability,Source Reliability,-20%,-0.2,-10%,-0.1,2.4000000000000004,3.2,3.2,2.8000000000000003,False,False,0.18000000000000005,12,0,8,0,0,0.0,7,0,0,,,1.0,12,0,4,4
source_reliability,Source Reliability,-20%,-0.2,0%,0.0,2.4000000000000004,3.2,3.2,2.8000000000000003,False,False,0.2,12,0,8,0,0,0.0,7,0,0,,,1.0,12,0,4,4
source_reliability,Source Reliability,-20%,-0.2,+10%,0.1,2.4000000000000004,3.2,3.2,2.8000000000000003,False,False,0.22000000000000003,12,0,8,0,0,0.0,7,0,0,,,1.0,12,0,4,4
source_reliability,Source Reliability,-20%,-0.2,+20%,0.2,2.4000000000000004,3.2,3.2,2.8000000000000003,False,False,0.24,12,0,8,0,0,0.0,7,0,0,,,1.0,12,0,4,4
source_reliability,Source Reliability,-20%,-0.2,+30%,0.3,2.4000000000000004,3.2,3.2,2.8000000000000003,False,False,0.26,12,0,8,0,0,0.0,7,0,0,,,1.0,12,0,4,4
source_reliability,Source Reliability,-10%,-0.1,-30%,-0.3,2.7,3.6,3.6,3.1500000000000004,False,False,0.14,12,0,8,0,0,0.0,1,0,0,,,1.0,6,6,4,4
source_reliability,Source Reliability,-10%,-0.1,-20%,-0.2,2.7,3.6,3.6,3.1500000000000004,False,False,0.16000000000000006,12,0,8,0,0,0.0,1,0,0,,,1.0,6,6,4,4
source_reliability,Source Reliability,-10%,-0.1,-10%,-0.1,2.7,3.6,3.6,3.1500000000000004,False,False,0.18000000000000005,12,0,8,0,0,0.0,1,0,0,,,1.0,6,6,4,4
source_reliability,Source Reliability,-10%,-0.1,0%,0.0,2.7,3.6,3.6,3.1500000000000004,False,False,0.2,12,0,8,0,0,0.0,1,0,0,,,1.0,6,6,4,4
source_reliability,Source Reliability,-10%,-0.1,+10%,0.1,2.7,3.6,3.6,3.1500000000000004,False,False,0.22000000000000003,12,0,8,0,0,0.0,1,0,0,,,1.0,6,6,4,4
source_reliability,Source Reliability,-10%,-0.1,+20%,0.2,2.7,3.6,3.6,3.1500000000000004,False,False,0.24,12,0,8,0,0,0.0,1,0,0,,,1.0,6,6,4,4
source_reliability,Source Reliability,-10%,-0.1,+30%,0.3,2.7,3.6,3.6,3.1500000000000004,False,False,0.26,12,0,8,0,0,0.0,1,0,0,,,1.0,6,6,4,4
source_reliability,Source Reliability,0%,0.0,-30%,-0.3,3.0,4.0,4.0,3.5,False,False,0.14,12,0,8,0,0,0.0,1,0,0,,,1.0,6,6,4,4
source_reliability,Source Reliability,0%,0.0,-20%,-0.2,3.0,4.0,4.0,3.5,False,False,0.16000000000000006,12,0,8,0,0,0.0,1,0,0,,,1.0,6,6,4,4
source_reliability,Source Reliability,0%,0.0,-10%,-0.1,3.0,4.0,4.0,3.5,False,False,0.18000000000000005,12,0,8,0,0,0.0,1,0,0,,,1.0,6,6,4,4
source_reliability,Source Reliability,0%,0.0,0%,0.0,3.0,4.0,4.0,3.5,False,False,0.2,12,0,8,0,0,0.0,0,0,0,,,1.0,6,6,3,5
source_reliability,Source Reliability,0%,0.0,+10%,0.1,3.0,4.0,4.0,3.5,False,False,0.22000000000000003,12,0,8,0,0,0.0,0,0,0,,,1.0,6,6,3,5
source_reliability,Source Reliability,0%,0.0,+20%,0.2,3.0,4.0,4.0,3.5,False,False,0.24,12,0,8,0,0,0.0,3,0,0,,,1.0,6,6,0,8
source_reliability,Source Reliability,0%,0.0,+30%,0.3,3.0,4.0,4.0,3.5,False,False,0.26,12,0,8,0,0,0.0,3,0,0,,,1.0,6,6,0,8
source_reliability,Source Reliability,+10%,0.1,-30%,-0.3,3.3000000000000003,4.4,4.4,3.8500000000000005,False,False,0.14,6,-6,14,6,6,0.3,12,6,0,client_001|client_005|client_008|client_011|client_015|client_019,,0.5,3,3,6,8
source_reliability,Source Reliability,+10%,0.1,-20%,-0.2,3.3000000000000003,4.4,4.4,3.8500000000000005,False,False,0.16000000000000006,6,-6,14,6,6,0.3,12,6,0,client_001|client_005|client_008|client_011|client_015|client_019,,0.5,3,3,6,8
source_reliability,Source Reliability,+10%,0.1,-10%,-0.1,3.3000000000000003,4.4,4.4,3.8500000000000005,False,False,0.18000000000000005,6,-6,14,6,6,0.3,12,6,0,client_001|client_005|client_008|client_011|client_015|client_019,,0.5,3,3,6,8
source_reliability,Source Reliability,+10%,0.1,0%,0.0,3.3000000000000003,4.4,4.4,3.8500000000000005,False,False,0.2,6,-6,14,6,6,0.3,12,6,0,client_001|client_005|client_008|client_011|client_015|client_019,,0.5,3,3,6,8
source_reliability,Source Reliability,+10%,0.1,+10%,0.1,3.3000000000000003,4.4,4.4,3.8500000000000005,False,False,0.22000000000000003,6,-6,14,6,6,0.3,12,6,0,client_001|client_005|client_008|client_011|client_015|client_019,,0.5,3,3,6,8
source_reliability,Source Reliability,+10%,0.1,+20%,0.2,3.3000000000000003,4.4,4.4,3.8500000000000005,False,False,0.24,6,-6,14,6,6,0.3,12,6,0,client_001|client_005|client_008|client_011|client_015|client_019,,0.5,3,3,6,8
source_reliability,Source Reliability,+10%,0.1,+30%,0.3,3.3000000000000003,4.4,4.4,3.8500000000000005,False,False,0.26,6,-6,14,6,6,0.3,12,6,0,client_001|client_005|client_008|client_011|client_015|client_019,,0.5,3,3,6,8
source_reliability,Source Reliability,+20%,0.2,-30%,-0.3,3.5999999999999996,4.8,4.8,4.199999999999999,False,False,0.14,6,-6,14,6,6,0.3,15,6,0,client_001|client_005|client_008|client_011|client_015|client_019,,0.5,0,6,0,14
source_reliability,Source Reliability,+20%,0.2,-20%,-0.2,3.5999999999999996,4.8,4.8,4.199999999999999,False,False,0.16000000000000006,6,-6,14,6,6,0.3,15,6,0,client_001|client_005|client_008|client_011|client_015|client_019,,0.5,0,6,0,14
source_reliability,Source Reliability,+20%,0.2,-10%,-0.1,3.5999999999999996,4.8,4.8,4.199999999999999,False,False,0.18000000000000005,6,-6,14,6,6,0.3,15,6,0,client_001|client_005|client_008|client_011|client_015|client_019,,0.5,0,6,0,14
source_reliability,Source Reliability,+20%,0.2,0%,0.0,3.5999999999999996,4.8,4.8,4.199999999999999,False,False,0.2,6,-6,14,6,6,0.3,15,6,0,client_001|client_005|client_008|client_011|client_015|client_019,,0.5,0,6,0,14
source_reliability,Source Reliability,+20%,0.2,+10%,0.1,3.5999999999999996,4.8,4.8,4.199999999999999,False,False,0.22000000000000003,6,-6,14,6,6,0.3,15,6,0,client_001|client_005|client_008|client_011|client_015|client_019,,0.5,0,6,0,14
source_reliability,Source Reliability,+20%,0.2,+20%,0.2,3.5999999999999996,4.8,4.8,4.199999999999999,False,False,0.24,6,-6,14,6,6,0.3,15,6,0,client_001|client_005|client_008|client_011|client_015|client_019,,0.5,0,6,0,14
source_reliability,Source Reliability,+20%,0.2,+30%,0.3,3.5999999999999996,4.8,4.8,4.199999999999999,False,False,0.26,6,-6,14,6,6,0.3,15,6,0,client_001|client_005|client_008|client_011|client_015|client_019,,0.5,0,6,0,14
source_reliability,Source Reliability,+30%,0.3,-30%,-0.3,3.9000000000000004,5.0,5.0,4.45,False,True,0.14,3,-9,17,9,9,0.45,15,9,0,client_001|client_003|client_005|client_008|client_010|client_011|client_015|client_017|client_019,,0.25,0,3,3,14
source_reliability,Source Reliability,+30%,0.3,-20%,-0.2,3.9000000000000004,5.0,5.0,4.45,False,True,0.16000000000000006,3,-9,17,9,9,0.45,15,9,0,client_001|client_003|client_005|client_008|client_010|client_011|client_015|client_017|client_019,,0.25,0,3,3,14
source_reliability,Source Reliability,+30%,0.3,-10%,-0.1,3.9000000000000004,5.0,5.0,4.45,False,True,0.18000000000000005,3,-9,17,9,9,0.45,15,9,0,client_001|client_003|client_005|client_008|client_010|client_011|client_015|client_017|client_019,,0.25,0,3,3,14
source_reliability,Source Reliability,+30%,0.3,0%,0.0,3.9000000000000004,5.0,5.0,4.45,False,True,0.2,3,-9,17,9,9,0.45,15,9,0,client_001|client_003|client_005|client_008|client_010|client_011|client_015|client_017|client_019,,0.25,0,3,3,14
source_reliability,Source Reliability,+30%,0.3,+10%,0.1,3.9000000000000004,5.0,5.0,4.45,False,True,0.22000000000000003,3,-9,17,9,9,0.45,15,9,0,client_001|client_003|client_005|client_008|client_010|client_011|client_015|client_017|client_019,,0.25,0,3,3,14
source_reliability,Source Reliability,+30%,0.3,+20%,0.2,3.9000000000000004,5.0,5.0,4.45,False,True,0.24,3,-9,17,9,9,0.45,15,9,0,client_001|client_003|client_005|client_008|client_010|client_011|client_015|client_017|client_019,,0.25,0,3,3,14
source_reliability,Source Reliability,+30%,0.3,+30%,0.3,3.9000000000000004,5.0,5.0,4.45,False,True,0.26,3,-9,17,9,9,0.45,15,9,0,client_001|client_003|client_005|client_008|client_010|client_011|client_015|client_017|client_019,,0.25,0,3,3,14
data_quality,Data Quality,-30%,-0.3,-30%,-0.3,2.0999999999999996,2.8,2.8,2.4499999999999997,False,False,0.17500000000000002,12,0,8,0,0,0.0,7,0,0,,,1.0,12,0,4,4
data_quality,Data Quality,-30%,-0.3,-20%,-0.2,2.0999999999999996,2.8,2.8,2.4499999999999997,False,False,0.2,12,0,8,0,0,0.0,9,0,0,,,1.0,12,0,6,2
data_quality,Data Quality,-30%,-0.3,-10%,-0.1,2.0999999999999996,2.8,2.8,2.4499999999999997,False,False,0.225,12,0,8,0,0,0.0,11,0,0,,,1.0,12,0,8,0
data_quality,Data Quality,-30%,-0.3,0%,0.0,2.0999999999999996,2.8,2.8,2.4499999999999997,False,False,0.25,12,0,8,0,0,0.0,11,0,0,,,1.0,12,0,8,0
data_quality,Data Quality,-30%,-0.3,+10%,0.1,2.0999999999999996,2.8,2.8,2.4499999999999997,False,False,0.275,12,0,8,0,0,0.0,11,0,0,,,1.0,12,0,8,0
data_quality,Data Quality,-30%,-0.3,+20%,0.2,2.0999999999999996,2.8,2.8,2.4499999999999997,False,False,0.30000000000000004,12,0,8,0,0,0.0,11,0,0,,,1.0,12,0,8,0
data_quality,Data Quality,-30%,-0.3,+30%,0.3,2.0999999999999996,2.8,2.8,2.4499999999999997,False,False,0.325,12,0,8,0,0,0.0,11,0,0,,,1.0,12,0,8,0
data_quality,Data Quality,-20%,-0.2,-30%,-0.3,2.4000000000000004,3.2,3.2,2.8000000000000003,False,False,0.17500000000000002,12,0,8,0,0,0.0,7,0,0,,,1.0,12,0,4,4
data_quality,Data Quality,-20%,-0.2,-20%,-0.2,2.4000000000000004,3.2,3.2,2.8000000000000003,False,False,0.2,12,0,8,0,0,0.0,7,0,0,,,1.0,12,0,4,4
data_quality,Data Quality,-20%,-0.2,-10%,-0.1,2.4000000000000004,3.2,3.2,2.8000000000000003,False,False,0.225,12,0,8,0,0,0.0,7,0,0,,,1.0,12,0,4,4
data_quality,Data Quality,-20%,-0.2,0%,0.0,2.4000000000000004,3.2,3.2,2.8000000000000003,False,False,0.25,12,0,8,0,0,0.0,7,0,0,,,1.0,12,0,4,4
data_quality,Data Quality,-20%,-0.2,+10%,0.1,2.4000000000000004,3.2,3.2,2.8000000000000003,False,False,0.275,12,0,8,0,0,0.0,7,0,0,,,1.0,12,0,4,4
data_quality,Data Quality,-20%,-0.2,+20%,0.2,2.4000000000000004,3.2,3.2,2.8000000000000003,False,False,0.30000000000000004,12,0,8,0,0,0.0,11,0,0,,,1.0,12,0,8,0
data_quality,Data Quality,-20%,-0.2,+30%,0.3,2.4000000000000004,3.2,3.2,2.8000000000000003,False,False,0.325,12,0,8,0,0,0.0,11,0,0,,,1.0,12,0,8,0
data_quality,Data Quality,-10%,-0.1,-30%,-0.3,2.7,3.6,3.6,3.1500000000000004,False,False,0.17500000000000002,12,0,8,0,0,0.0,1,0,0,,,1.0,6,6,4,4
data_quality,Data Quality,-10%,-0.1,-20%,-0.2,2.7,3.6,3.6,3.1500000000000004,False,False,0.2,12,0,8,0,0,0.0,1,0,0,,,1.0,6,6,4,4
data_quality,Data Quality,-10%,-0.1,-10%,-0.1,2.7,3.6,3.6,3.1500000000000004,False,False,0.225,12,0,8,0,0,0.0,1,0,0,,,1.0,6,6,4,4
data_quality,Data Quality,-10%,-0.1,0%,0.0,2.7,3.6,3.6,3.1500000000000004,False,False,0.25,12,0,8,0,0,0.0,1,0,0,,,1.0,6,6,4,4
data_quality,Data Quality,-10%,-0.1,+10%,0.1,2.7,3.6,3.6,3.1500000000000004,False,False,0.275,12,0,8,0,0,0.0,1,0,0,,,1.0,6,6,4,4
data_quality,Data Quality,-10%,-0.1,+20%,0.2,2.7,3.6,3.6,3.1500000000000004,False,False,0.30000000000000004,12,0,8,0,0,0.0,6,0,0,,,1.0,11,1,4,4
data_quality,Data Quality,-10%,-0.1,+30%,0.3,2.7,3.6,3.6,3.1500000000000004,False,False,0.325,12,0,8,0,0,0.0,6,0,0,,,1.0,11,1,4,4
data_quality,Data Quality,0%,0.0,-30%,-0.3,3.0,4.0,4.0,3.5,False,False,0.17500000000000002,11,-1,9,1,1,0.05,4,1,0,client_001,,0.9166666666666666,6,5,1,8
data_quality,Data Quality,0%,0.0,-20%,-0.2,3.0,4.0,4.0,3.5,False,False,0.2,12,0,8,0,0,0.0,3,0,0,,,1.0,6,6,0,8
data_quality,Data Quality,0%,0.0,-10%,-0.1,3.0,4.0,4.0,3.5,False,False,0.225,12,0,8,0,0,0.0,3,0,0,,,1.0,6,6,0,8
data_quality,Data Quality,0%,0.0,0%,0.0,3.0,4.0,4.0,3.5,False,False,0.25,12,0,8,0,0,0.0,0,0,0,,,1.0,6,6,3,5
data_quality,Data Quality,0%,0.0,+10%,0.1,3.0,4.0,4.0,3.5,False,False,0.275,12,0,8,0,0,0.0,1,0,0,,,1.0,6,6,4,4
data_quality,Data Quality,0%,0.0,+20%,0.2,3.0,4.0,4.0,3.5,False,False,0.30000000000000004,12,0,8,0,0,0.0,1,0,0,,,1.0,6,6,4,4
data_quality,Data Quality,0%,0.0,+30%,0.3,3.0,4.0,4.0,3.5,False,False,0.325,12,0,8,0,0,0.0,1,0,0,,,1.0,6,6,4,4
data_quality,Data Quality,+10%,0.1,-30%,-0.3,3.3000000000000003,4.4,4.4,3.8500000000000005,False,False,0.17500000000000002,6,-6,14,6,6,0.3,12,6,0,client_001|client_005|client_008|client_011|client_015|client_019,,0.5,3,3,6,8
data_quality,Data Quality,+10%,0.1,-20%,-0.2,3.3000000000000003,4.4,4.4,3.8500000000000005,False,False,0.2,6,-6,14,6,6,0.3,12,6,0,client_001|client_005|client_008|client_011|client_015|client_019,,0.5,3,3,6,8
data_quality,Data Quality,+10%,0.1,-10%,-0.1,3.3000000000000003,4.4,4.4,3.8500000000000005,False,False,0.225,6,-6,14,6,6,0.3,12,6,0,client_001|client_005|client_008|client_011|client_015|client_019,,0.5,3,3,6,8
data_quality,Data Quality,+10%,0.1,0%,0.0,3.3000000000000003,4.4,4.4,3.8500000000000005,False,False,0.25,6,-6,14,6,6,0.3,12,6,0,client_001|client_005|client_008|client_011|client_015|client_019,,0.5,3,3,6,8
data_quality,Data Quality,+10%,0.1,+10%,0.1,3.3000000000000003,4.4,4.4,3.8500000000000005,False,False,0.275,6,-6,14,6,6,0.3,12,6,0,client_001|client_005|client_008|client_011|client_015|client_019,,0.5,3,3,6,8
data_quality,Data Quality,+10%,0.1,+20%,0.2,3.3000000000000003,4.4,4.4,3.8500000000000005,False,False,0.30000000000000004,6,-6,14,6,6,0.3,12,6,0,client_001|client_005|client_008|client_011|client_015|client_019,,0.5,3,3,6,8
data_quality,Data Quality,+10%,0.1,+30%,0.3,3.3000000000000003,4.4,4.4,3.8500000000000005,False,False,0.325,11,-1,9,1,1,0.05,7,1,0,client_001,,0.9166666666666666,3,8,1,8
data_quality,Data Quality,+20%,0.2,-30%,-0.3,3.5999999999999996,4.8,4.8,4.199999999999999,False,False,0.17500000000000002,6,-6,14,6,6,0.3,15,6,0,client_001|client_005|client_008|client_011|client_015|client_019,,0.5,0,6,0,14
data_quality,Data Quality,+20%,0.2,-20%,-0.2,3.5999999999999996,4.8,4.8,4.199999999999999,False,False,0.2,6,-6,14,6,6,0.3,15,6,0,client_001|client_005|client_008|client_011|client_015|client_019,,0.5,0,6,0,14
data_quality,Data Quality,+20%,0.2,-10%,-0.1,3.5999999999999996,4.8,4.8,4.199999999999999,False,False,0.225,6,-6,14,6,6,0.3,15,6,0,client_001|client_005|client_008|client_011|client_015|client_019,,0.5,0,6,0,14
data_quality,Data Quality,+20%,0.2,0%,0.0,3.5999999999999996,4.8,4.8,4.199999999999999,False,False,0.25,6,-6,14,6,6,0.3,15,6,0,client_001|client_005|client_008|client_011|client_015|client_019,,0.5,0,6,0,14
data_quality,Data Quality,+20%,0.2,+10%,0.1,3.5999999999999996,4.8,4.8,4.199999999999999,False,False,0.275,6,-6,14,6,6,0.3,15,6,0,client_001|client_005|client_008|client_011|client_015|client_019,,0.5,0,6,0,14
data_quality,Data Quality,+20%,0.2,+20%,0.2,3.5999999999999996,4.8,4.8,4.199999999999999,False,False,0.30000000000000004,6,-6,14,6,6,0.3,15,6,0,client_001|client_005|client_008|client_011|client_015|client_019,,0.5,0,6,5,9
data_quality,Data Quality,+20%,0.2,+30%,0.3,3.5999999999999996,4.8,4.8,4.199999999999999,False,False,0.325,6,-6,14,6,6,0.3,15,6,0,client_001|client_005|client_008|client_011|client_015|client_019,,0.5,0,6,5,9
data_quality,Data Quality,+30%,0.3,-30%,-0.3,3.9000000000000004,5.0,5.0,4.45,False,True,0.17500000000000002,3,-9,17,9,9,0.45,15,9,0,client_001|client_003|client_005|client_008|client_010|client_011|client_015|client_017|client_019,,0.25,0,3,3,14
data_quality,Data Quality,+30%,0.3,-20%,-0.2,3.9000000000000004,5.0,5.0,4.45,False,True,0.2,3,-9,17,9,9,0.45,15,9,0,client_001|client_003|client_005|client_008|client_010|client_011|client_015|client_017|client_019,,0.25,0,3,3,14
data_quality,Data Quality,+30%,0.3,-10%,-0.1,3.9000000000000004,5.0,5.0,4.45,False,True,0.225,3,-9,17,9,9,0.45,15,9,0,client_001|client_003|client_005|client_008|client_010|client_011|client_015|client_017|client_019,,0.25,0,3,3,14
data_quality,Data Quality,+30%,0.3,0%,0.0,3.9000000000000004,5.0,5.0,4.45,False,True,0.25,3,-9,17,9,9,0.45,15,9,0,client_001|client_003|client_005|client_008|client_010|client_011|client_015|client_017|client_019,,0.25,0,3,3,14
data_quality,Data Quality,+30%,0.3,+10%,0.1,3.9000000000000004,5.0,5.0,4.45,False,True,0.275,3,-9,17,9,9,0.45,15,9,0,client_001|client_003|client_005|client_008|client_010|client_011|client_015|client_017|client_019,,0.25,0,3,3,14
data_quality,Data Quality,+30%,0.3,+20%,0.2,3.9000000000000004,5.0,5.0,4.45,False,True,0.30000000000000004,3,-9,17,9,9,0.45,15,9,0,client_001|client_003|client_005|client_008|client_010|client_011|client_015|client_017|client_019,,0.25,0,3,3,14
data_quality,Data Quality,+30%,0.3,+30%,0.3,3.9000000000000004,5.0,5.0,4.45,False,True,0.325,3,-9,17,9,9,0.45,15,9,0,client_001|client_003|client_005|client_008|client_010|client_011|client_015|client_017|client_019,,0.25,0,3,3,14
documentation,Documentation,-30%,-0.3,-30%,-0.3,2.0999999999999996,2.8,2.8,2.4499999999999997,False,False,0.105,12,0,8,0,0,0.0,11,0,0,,,1.0,12,0,8,0
documentation,Documentation,-30%,-0.3,-20%,-0.2,2.0999999999999996,2.8,2.8,2.4499999999999997,False,False,0.12,12,0,8,0,0,0.0,11,0,0,,,1.0,12,0,8,0
documentation,Documentation,-30%,-0.3,-10%,-0.1,2.0999999999999996,2.8,2.8,2.4499999999999997,False,False,0.13500000000000004,12,0,8,0,0,0.0,11,0,0,,,1.0,12,0,8,0
documentation,Documentation,-30%,-0.3,0%,0.0,2.0999999999999996,2.8,2.8,2.4499999999999997,False,False,0.15,12,0,8,0,0,0.0,11,0,0,,,1.0,12,0,8,0
documentation,Documentation,-30%,-0.3,+10%,0.1,2.0999999999999996,2.8,2.8,2.4499999999999997,False,False,0.165,12,0,8,0,0,0.0,11,0,0,,,1.0,12,0,8,0
documentation,Documentation,-30%,-0.3,+20%,0.2,2.0999999999999996,2.8,2.8,2.4499999999999997,False,False,0.18,12,0,8,0,0,0.0,11,0,0,,,1.0,12,0,8,0
documentation,Documentation,-30%,-0.3,+30%,0.3,2.0999999999999996,2.8,2.8,2.4499999999999997,False,False,0.195,12,0,8,0,0,0.0,11,0,0,,,1.0,12,0,8,0
documentation,Documentation,-20%,-0.2,-30%,-0.3,2.4000000000000004,3.2,3.2,2.8000000000000003,False,False,0.105,12,0,8,0,0,0.0,7,0,0,,,1.0,12,0,4,4
documentation,Documentation,-20%,-0.2,-20%,-0.2,2.4000000000000004,3.2,3.2,2.8000000000000003,False,False,0.12,12,0,8,0,0,0.0,7,0,0,,,1.0,12,0,4,4
documentation,Documentation,-20%,-0.2,-10%,-0.1,2.4000000000000004,3.2,3.2,2.8000000000000003,False,False,0.13500000000000004,12,0,8,0,0,0.0,7,0,0,,,1.0,12,0,4,4
documentation,Documentation,-20%,-0.2,0%,0.0,2.4000000000000004,3.2,3.2,2.8000000000000003,False,False,0.15,12,0,8,0,0,0.0,7,0,0,,,1.0,12,0,4,4
documentation,Documentation,-20%,-0.2,+10%,0.1,2.4000000000000004,3.2,3.2,2.8000000000000003,False,False,0.165,12,0,8,0,0,0.0,7,0,0,,,1.0,12,0,4,4
documentation,Documentation,-20%,-0.2,+20%,0.2,2.4000000000000004,3.2,3.2,2.8000000000000003,False,False,0.18,12,0,8,0,0,0.0,7,0,0,,,1.0,12,0,4,4
documentation,Documentation,-20%,-0.2,+30%,0.3,2.4000000000000004,3.2,3.2,2.8000000000000003,False,False,0.195,12,0,8,0,0,0.0,7,0,0,,,1.0,12,0,4,4
documentation,Documentation,-10%,-0.1,-30%,-0.3,2.7,3.6,3.6,3.1500000000000004,False,False,0.105,12,0,8,0,0,0.0,1,0,0,,,1.0,6,6,4,4
documentation,Documentation,-10%,-0.1,-20%,-0.2,2.7,3.6,3.6,3.1500000000000004,False,False,0.12,12,0,8,0,0,0.0,1,0,0,,,1.0,6,6,4,4
documentation,Documentation,-10%,-0.1,-10%,-0.1,2.7,3.6,3.6,3.1500000000000004,False,False,0.13500000000000004,12,0,8,0,0,0.0,1,0,0,,,1.0,6,6,4,4
documentation,Documentation,-10%,-0.1,0%,0.0,2.7,3.6,3.6,3.1500000000000004,False,False,0.15,12,0,8,0,0,0.0,1,0,0,,,1.0,6,6,4,4
documentation,Documentation,-10%,-0.1,+10%,0.1,2.7,3.6,3.6,3.1500000000000004,False,False,0.165,12,0,8,0,0,0.0,1,0,0,,,1.0,6,6,4,4
documentation,Documentation,-10%,-0.1,+20%,0.2,2.7,3.6,3.6,3.1500000000000004,False,False,0.18,12,0,8,0,0,0.0,1,0,0,,,1.0,6,6,4,4
documentation,Documentation,-10%,-0.1,+30%,0.3,2.7,3.6,3.6,3.1500000000000004,False,False,0.195,12,0,8,0,0,0.0,1,0,0,,,1.0,6,6,4,4
documentation,Documentation,0%,0.0,-30%,-0.3,3.0,4.0,4.0,3.5,False,False,0.105,12,0,8,0,0,0.0,0,0,0,,,1.0,6,6,3,5
documentation,Documentation,0%,0.0,-20%,-0.2,3.0,4.0,4.0,3.5,False,False,0.12,12,0,8,0,0,0.0,0,0,0,,,1.0,6,6,3,5
documentation,Documentation,0%,0.0,-10%,-0.1,3.0,4.0,4.0,3.5,False,False,0.13500000000000004,12,0,8,0,0,0.0,0,0,0,,,1.0,6,6,3,5
documentation,Documentation,0%,0.0,0%,0.0,3.0,4.0,4.0,3.5,False,False,0.15,12,0,8,0,0,0.0,0,0,0,,,1.0,6,6,3,5
documentation,Documentation,0%,0.0,+10%,0.1,3.0,4.0,4.0,3.5,False,False,0.165,12,0,8,0,0,0.0,0,0,0,,,1.0,6,6,3,5
documentation,Documentation,0%,0.0,+20%,0.2,3.0,4.0,4.0,3.5,False,False,0.18,12,0,8,0,0,0.0,0,0,0,,,1.0,6,6,3,5
documentation,Documentation,0%,0.0,+30%,0.3,3.0,4.0,4.0,3.5,False,False,0.195,12,0,8,0,0,0.0,0,0,0,,,1.0,6,6,3,5
documentation,Documentation,+10%,0.1,-30%,-0.3,3.3000000000000003,4.4,4.4,3.8500000000000005,False,False,0.105,6,-6,14,6,6,0.3,12,6,0,client_001|client_005|client_008|client_011|client_015|client_019,,0.5,3,3,6,8
documentation,Documentation,+10%,0.1,-20%,-0.2,3.3000000000000003,4.4,4.4,3.8500000000000005,False,False,0.12,6,-6,14,6,6,0.3,12,6,0,client_001|client_005|client_008|client_011|client_015|client_019,,0.5,3,3,6,8
documentation,Documentation,+10%,0.1,-10%,-0.1,3.3000000000000003,4.4,4.4,3.8500000000000005,False,False,0.13500000000000004,6,-6,14,6,6,0.3,12,6,0,client_001|client_005|client_008|client_011|client_015|client_019,,0.5,3,3,6,8
documentation,Documentation,+10%,0.1,0%,0.0,3.3000000000000003,4.4,4.4,3.8500000000000005,False,False,0.15,6,-6,14,6,6,0.3,12,6,0,client_001|client_005|client_008|client_011|client_015|client_019,,0.5,3,3,6,8
documentation,Documentation,+10%,0.1,+10%,0.1,3.3000000000000003,4.4,4.4,3.8500000000000005,False,False,0.165,6,-6,14,6,6,0.3,12,6,0,client_001|client_005|client_008|client_011|client_015|client_019,,0.5,3,3,6,8
documentation,Documentation,+10%,0.1,+20%,0.2,3.3000000000000003,4.4,4.4,3.8500000000000005,False,False,0.18,6,-6,14,6,6,0.3,12,6,0,client_001|client_005|client_008|client_011|client_015|client_019,,0.5,3,3,6,8
documentation,Documentation,+10%,0.1,+30%,0.3,3.3000000000000003,4.4,4.4,3.8500000000000005,False,False,0.195,6,-6,14,6,6,0.3,12,6,0,client_001|client_005|client_008|client_011|client_015|client_019,,0.5,3,3,6,8
documentation,Documentation,+20%,0.2,-30%,-0.3,3.5999999999999996,4.8,4.8,4.199999999999999,False,False,0.105,6,-6,14,6,6,0.3,15,6,0,client_001|client_005|client_008|client_011|client_015|client_019,,0.5,0,6,0,14
documentation,Documentation,+20%,0.2,-20%,-0.2,3.5999999999999996,4.8,4.8,4.199999999999999,False,False,0.12,6,-6,14,6,6,0.3,15,6,0,client_001|client_005|client_008|client_011|client_015|client_019,,0.5,0,6,0,14
documentation,Documentation,+20%,0.2,-10%,-0.1,3.5999999999999996,4.8,4.8,4.199999999999999,False,False,0.13500000000000004,6,-6,14,6,6,0.3,15,6,0,client_001|client_005|client_008|client_011|client_015|client_019,,0.5,0,6,0,14
documentation,Documentation,+20%,0.2,0%,0.0,3.5999999999999996,4.8,4.8,4.199999999999999,False,False,0.15,6,-6,14,6,6,0.3,15,6,0,client_001|client_005|client_008|client_011|client_015|client_019,,0.5,0,6,0,14
documentation,Documentation,+20%,0.2,+10%,0.1,3.5999999999999996,4.8,4.8,4.199999999999999,False,False,0.165,6,-6,14,6,6,0.3,15,6,0,client_001|client_005|client_008|client_011|client_015|client_019,,0.5,0,6,0,14
documentation,Documentation,+20%,0.2,+20%,0.2,3.5999999999999996,4.8,4.8,4.199999999999999,False,False,0.18,6,-6,14,6,6,0.3,15,6,0,client_001|client_005|client_008|client_011|client_015|client_019,,0.5,0,6,0,14
documentation,Documentation,+20%,0.2,+30%,0.3,3.5999999999999996,4.8,4.8,4.199999999999999,False,False,0.195,6,-6,14,6,6,0.3,15,6,0,client_001|client_005|client_008|client_011|client_015|client_019,,0.5,0,6,0,14
documentation,Documentation,+30%,0.3,-30%,-0.3,3.9000000000000004,5.0,5.0,4.45,False,True,0.105,3,-9,17,9,9,0.45,15,9,0,client_001|client_003|client_005|client_008|client_010|client_011|client_015|client_017|client_019,,0.25,0,3,3,14
documentation,Documentation,+30%,0.3,-20%,-0.2,3.9000000000000004,5.0,5.0,4.45,False,True,0.12,3,-9,17,9,9,0.45,15,9,0,client_001|client_003|client_005|client_008|client_010|client_011|client_015|client_017|client_019,,0.25,0,3,3,14
documentation,Documentation,+30%,0.3,-10%,-0.1,3.9000000000000004,5.0,5.0,4.45,False,True,0.13500000000000004,3,-9,17,9,9,0.45,15,9,0,client_001|client_003|client_005|client_008|client_010|client_011|client_015|client_017|client_019,,0.25,0,3,3,14
documentation,Documentation,+30%,0.3,0%,0.0,3.9000000000000004,5.0,5.0,4.45,False,True,0.15,3,-9,17,9,9,0.45,15,9,0,client_001|client_003|client_005|client_008|client_010|client_011|client_015|client_017|client_019,,0.25,0,3,3,14
documentation,Documentation,+30%,0.3,+10%,0.1,3.9000000000000004,5.0,5.0,4.45,False,True,0.165,3,-9,17,9,9,0.45,15,9,0,client_001|client_003|client_005|client_008|client_010|client_011|client_015|client_017|client_019,,0.25,0,3,3,14
documentation,Documentation,+30%,0.3,+20%,0.2,3.9000000000000004,5.0,5.0,4.45,False,True,0.18,3,-9,17,9,9,0.45,15,9,0,client_001|client_003|client_005|client_008|client_010|client_011|client_015|client_017|client_019,,0.25,0,3,3,14
documentation,Documentation,+30%,0.3,+30%,0.3,3.9000000000000004,5.0,5.0,4.45,False,True,0.195,3,-9,17,9,9,0.45,15,9,0,client_001|client_003|client_005|client_008|client_010|client_011|client_015|client_017|client_019,,0.25,0,3,3,14
timeliness,Timeliness,-30%,-0.3,-30%,-0.3,2.0999999999999996,2.8,2.8,2.4499999999999997,False,False,0.105,12,0,8,0,0,0.0,11,0,0,,,1.0,12,0,8,0
timeliness,Timeliness,-30%,-0.3,-20%,-0.2,2.0999999999999996,2.8,2.8,2.4499999999999997,False,False,0.12,12,0,8,0,0,0.0,11,0,0,,,1.0,12,0,8,0
timeliness,Timeliness,-30%,-0.3,-10%,-0.1,2.0999999999999996,2.8,2.8,2.4499999999999997,False,False,0.13500000000000004,12,0,8,0,0,0.0,11,0,0,,,1.0,12,0,8,0
timeliness,Timeliness,-30%,-0.3,0%,0.0,2.0999999999999996,2.8,2.8,2.4499999999999997,False,False,0.15,12,0,8,0,0,0.0,11,0,0,,,1.0,12,0,8,0
timeliness,Timeliness,-30%,-0.3,+10%,0.1,2.0999999999999996,2.8,2.8,2.4499999999999997,False,False,0.165,12,0,8,0,0,0.0,11,0,0,,,1.0,12,0,8,0
timeliness,Timeliness,-30%,-0.3,+20%,0.2,2.0999999999999996,2.8,2.8,2.4499999999999997,False,False,0.18,12,0,8,0,0,0.0,11,0,0,,,1.0,12,0,8,0
timeliness,Timeliness,-30%,-0.3,+30%,0.3,2.0999999999999996,2.8,2.8,2.4499999999999997,False,False,0.195,12,0,8,0,0,0.0,11,0,0,,,1.0,12,0,8,0
timeliness,Timeliness,-20%,-0.2,-30%,-0.3,2.4000000000000004,3.2,3.2,2.8000000000000003,False,False,0.105,12,0,8,0,0,0.0,7,0,0,,,1.0,12,0,4,4
timeliness,Timeliness,-20%,-0.2,-20%,-0.2,2.4000000000000004,3.2,3.2,2.8000000000000003,False,False,0.12,12,0,8,0,0,0.0,7,0,0,,,1.0,12,0,4,4
timeliness,Timeliness,-20%,-0.2,-10%,-0.1,2.4000000000000004,3.2,3.2,2.8000000000000003,False,False,0.13500000000000004,12,0,8,0,0,0.0,7,0,0,,,1.0,12,0,4,4
timeliness,Timeliness,-20%,-0.2,0%,0.0,2.4000000000000004,3.2,3.2,2.8000000000000003,False,False,0.15,12,0,8,0,0,0.0,7,0,0,,,1.0,12,0,4,4
timeliness,Timeliness,-20%,-0.2,+10%,0.1,2.4000000000000004,3.2,3.2,2.8000000000000003,False,False,0.165,12,0,8,0,0,0.0,7,0,0,,,1.0,12,0,4,4
timeliness,Timeliness,-20%,-0.2,+20%,0.2,2.4000000000000004,3.2,3.2,2.8000000000000003,False,False,0.18,12,0,8,0,0,0.0,7,0,0,,,1.0,12,0,4,4
timeliness,Timeliness,-20%,-0.2,+30%,0.3,2.4000000000000004,3.2,3.2,2.8000000000000003,False,False,0.195,12,0,8,0,0,0.0,7,0,0,,,1.0,12,0,4,4
timeliness,Timeliness,-10%,-0.1,-30%,-0.3,2.7,3.6,3.6,3.1500000000000004,False,False,0.105,12,0,8,0,0,0.0,1,0,0,,,1.0,6,6,4,4
timeliness,Timeliness,-10%,-0.1,-20%,-0.2,2.7,3.6,3.6,3.1500000000000004,False,False,0.12,12,0,8,0,0,0.0,1,0,0,,,1.0,6,6,4,4
timeliness,Timeliness,-10%,-0.1,-10%,-0.1,2.7,3.6,3.6,3.1500000000000004,False,False,0.13500000000000004,12,0,8,0,0,0.0,1,0,0,,,1.0,6,6,4,4
timeliness,Timeliness,-10%,-0.1,0%,0.0,2.7,3.6,3.6,3.1500000000000004,False,False,0.15,12,0,8,0,0,0.0,1,0,0,,,1.0,6,6,4,4
timeliness,Timeliness,-10%,-0.1,+10%,0.1,2.7,3.6,3.6,3.1500000000000004,False,False,0.165,12,0,8,0,0,0.0,1,0,0,,,1.0,6,6,4,4
timeliness,Timeliness,-10%,-0.1,+20%,0.2,2.7,3.6,3.6,3.1500000000000004,False,False,0.18,12,0,8,0,0,0.0,1,0,0,,,1.0,6,6,4,4
timeliness,Timeliness,-10%,-0.1,+30%,0.3,2.7,3.6,3.6,3.1500000000000004,False,False,0.195,12,0,8,0,0,0.0,1,0,0,,,1.0,6,6,4,4
timeliness,Timeliness,0%,0.0,-30%,-0.3,3.0,4.0,4.0,3.5,False,False,0.105,12,0,8,0,0,0.0,0,0,0,,,1.0,6,6,3,5
timeliness,Timeliness,0%,0.0,-20%,-0.2,3.0,4.0,4.0,3.5,False,False,0.12,12,0,8,0,0,0.0,0,0,0,,,1.0,6,6,3,5
timeliness,Timeliness,0%,0.0,-10%,-0.1,3.0,4.0,4.0,3.5,False,False,0.13500000000000004,12,0,8,0,0,0.0,0,0,0,,,1.0,6,6,3,5
timeliness,Timeliness,0%,0.0,0%,0.0,3.0,4.0,4.0,3.5,False,False,0.15,12,0,8,0,0,0.0,0,0,0,,,1.0,6,6,3,5
timeliness,Timeliness,0%,0.0,+10%,0.1,3.0,4.0,4.0,3.5,False,False,0.165,12,0,8,0,0,0.0,0,0,0,,,1.0,6,6,3,5
timeliness,Timeliness,0%,0.0,+20%,0.2,3.0,4.0,4.0,3.5,False,False,0.18,12,0,8,0,0,0.0,0,0,0,,,1.0,6,6,3,5
timeliness,Timeliness,0%,0.0,+30%,0.3,3.0,4.0,4.0,3.5,False,False,0.195,12,0,8,0,0,0.0,0,0,0,,,1.0,6,6,3,5
timeliness,Timeliness,+10%,0.1,-30%,-0.3,3.3000000000000003,4.4,4.4,3.8500000000000005,False,False,0.105,6,-6,14,6,6,0.3,12,6,0,client_001|client_005|client_008|client_011|client_015|client_019,,0.5,3,3,6,8
timeliness,Timeliness,+10%,0.1,-20%,-0.2,3.3000000000000003,4.4,4.4,3.8500000000000005,False,False,0.12,6,-6,14,6,6,0.3,12,6,0,client_001|client_005|client_008|client_011|client_015|client_019,,0.5,3,3,6,8
timeliness,Timeliness,+10%,0.1,-10%,-0.1,3.3000000000000003,4.4,4.4,3.8500000000000005,False,False,0.13500000000000004,6,-6,14,6,6,0.3,12,6,0,client_001|client_005|client_008|client_011|client_015|client_019,,0.5,3,3,6,8
timeliness,Timeliness,+10%,0.1,0%,0.0,3.3000000000000003,4.4,4.4,3.8500000000000005,False,False,0.15,6,-6,14,6,6,0.3,12,6,0,client_001|client_005|client_008|client_011|client_015|client_019,,0.5,3,3,6,8
timeliness,Timeliness,+10%,0.1,+10%,0.1,3.3000000000000003,4.4,4.4,3.8500000000000005,False,False,0.165,6,-6,14,6,6,0.3,12,6,0,client_001|client_005|client_008|client_011|client_015|client_019,,0.5,3,3,6,8
timeliness,Timeliness,+10%,0.1,+20%,0.2,3.3000000000000003,4.4,4.4,3.8500000000000005,False,False,0.18,6,-6,14,6,6,0.3,12,6,0,client_001|client_005|client_008|client_011|client_015|client_019,,0.5,3,3,6,8
timeliness,Timeliness,+10%,0.1,+30%,0.3,3.3000000000000003,4.4,4.4,3.8500000000000005,False,False,0.195,6,-6,14,6,6,0.3,12,6,0,client_001|client_005|client_008|client_011|client_015|client_019,,0.5,3,3,6,8
timeliness,Timeliness,+20%,0.2,-30%,-0.3,3.5999999999999996,4.8,4.8,4.199999999999999,False,False,0.105,6,-6,14,6,6,0.3,15,6,0,client_001|client_005|client_008|client_011|client_015|client_019,,0.5,0,6,0,14
timeliness,Timeliness,+20%,0.2,-20%,-0.2,3.5999999999999996,4.8,4.8,4.199999999999999,False,False,0.12,6,-6,14,6,6,0.3,15,6,0,client_001|client_005|client_008|client_011|client_015|client_019,,0.5,0,6,0,14
timeliness,Timeliness,+20%,0.2,-10%,-0.1,3.5999999999999996,4.8,4.8,4.199999999999999,False,False,0.13500000000000004,6,-6,14,6,6,0.3,15,6,0,client_001|client_005|client_008|client_011|client_015|client_019,,0.5,0,6,0,14
timeliness,Timeliness,+20%,0.2,0%,0.0,3.5999999999999996,4.8,4.8,4.199999999999999,False,False,0.15,6,-6,14,6,6,0.3,15,6,0,client_001|client_005|client_008|client_011|client_015|client_019,,0.5,0,6,0,14
timeliness,Timeliness,+20%,0.2,+10%,0.1,3.5999999999999996,4.8,4.8,4.199999999999999,False,False,0.165,6,-6,14,6,6,0.3,15,6,0,client_001|client_005|client_008|client_011|client_015|client_019,,0.5,0,6,0,14
timeliness,Timeliness,+20%,0.2,+20%,0.2,3.5999999999999996,4.8,4.8,4.199999999999999,False,False,0.18,6,-6,14,6,6,0.3,15,6,0,client_001|client_005|client_008|client_011|client_015|client_019,,0.5,0,6,0,14
timeliness,Timeliness,+20%,0.2,+30%,0.3,3.5999999999999996,4.8,4.8,4.199999999999999,False,False,0.195,6,-6,14,6,6,0.3,15,6,0,client_001|client_005|client_008|client_011|client_015|client_019,,0.5,0,6,0,14
timeliness,Timeliness,+30%,0.3,-30%,-0.3,3.9000000000000004,5.0,5.0,4.45,False,True,0.105,3,-9,17,9,9,0.45,15,9,0,client_001|client_003|client_005|client_008|client_010|client_011|client_015|client_017|client_019,,0.25,0,3,3,14
timeliness,Timeliness,+30%,0.3,-20%,-0.2,3.9000000000000004,5.0,5.0,4.45,False,True,0.12,3,-9,17,9,9,0.45,15,9,0,client_001|client_003|client_005|client_008|client_010|client_011|client_015|client_017|client_019,,0.25,0,3,3,14
timeliness,Timeliness,+30%,0.3,-10%,-0.1,3.9000000000000004,5.0,5.0,4.45,False,True,0.13500000000000004,3,-9,17,9,9,0.45,15,9,0,client_001|client_003|client_005|client_008|client_010|client_011|client_015|client_017|client_019,,0.25,0,3,3,14
timeliness,Timeliness,+30%,0.3,0%,0.0,3.9000000000000004,5.0,5.0,4.45,False,True,0.15,3,-9,17,9,9,0.45,15,9,0,client_001|client_003|client_005|client_008|client_010|client_011|client_015|client_017|client_019,,0.25,0,3,3,14
timeliness,Timeliness,+30%,0.3,+10%,0.1,3.9000000000000004,5.0,5.0,4.45,False,True,0.165,3,-9,17,9,9,0.45,15,9,0,client_001|client_003|client_005|client_008|client_010|client_011|client_015|client_017|client_019,,0.25,0,3,3,14
timeliness,Timeliness,+30%,0.3,+20%,0.2,3.9000000000000004,5.0,5.0,4.45,False,True,0.18,3,-9,17,9,9,0.45,15,9,0,client_001|client_003|client_005|client_008|client_010|client_011|client_015|client_017|client_019,,0.25,0,3,3,14
timeliness,Timeliness,+30%,0.3,+30%,0.3,3.9000000000000004,5.0,5.0,4.45,False,True,0.195,3,-9,17,9,9,0.45,15,9,0,client_001|client_003|client_005|client_008|client_010|client_011|client_015|client_017|client_019,,0.25,0,3,3,14
regulatory,Regulatory,-30%,-0.3,-30%,-0.3,2.0999999999999996,2.8,2.8,2.4499999999999997,False,False,0.105,12,0,8,0,0,0.0,11,0,0,,,1.0,12,0,8,0
regulatory,Regulatory,-30%,-0.3,-20%,-0.2,2.0999999999999996,2.8,2.8,2.4499999999999997,False,False,0.12,12,0,8,0,0,0.0,11,0,0,,,1.0,12,0,8,0
regulatory,Regulatory,-30%,-0.3,-10%,-0.1,2.0999999999999996,2.8,2.8,2.4499999999999997,False,False,0.13500000000000004,12,0,8,0,0,0.0,11,0,0,,,1.0,12,0,8,0
regulatory,Regulatory,-30%,-0.3,0%,0.0,2.0999999999999996,2.8,2.8,2.4499999999999997,False,False,0.15,12,0,8,0,0,0.0,11,0,0,,,1.0,12,0,8,0
regulatory,Regulatory,-30%,-0.3,+10%,0.1,2.0999999999999996,2.8,2.8,2.4499999999999997,False,False,0.165,12,0,8,0,0,0.0,11,0,0,,,1.0,12,0,8,0
regulatory,Regulatory,-30%,-0.3,+20%,0.2,2.0999999999999996,2.8,2.8,2.4499999999999997,False,False,0.18,12,0,8,0,0,0.0,11,0,0,,,1.0,12,0,8,0
regulatory,Regulatory,-30%,-0.3,+30%,0.3,2.0999999999999996,2.8,2.8,2.4499999999999997,False,False,0.195,12,0,8,0,0,0.0,11,0,0,,,1.0,12,0,8,0
regulatory,Regulatory,-20%,-0.2,-30%,-0.3,2.4000000000000004,3.2,3.2,2.8000000000000003,False,False,0.105,12,0,8,0,0,0.0,7,0,0,,,1.0,12,0,4,4
regulatory,Regulatory,-20%,-0.2,-20%,-0.2,2.4000000000000004,3.2,3.2,2.8000000000000003,False,False,0.12,12,0,8,0,0,0.0,7,0,0,,,1.0,12,0,4,4
regulatory,Regulatory,-20%,-0.2,-10%,-0.1,2.4000000000000004,3.2,3.2,2.8000000000000003,False,False,0.13500000000000004,12,0,8,0,0,0.0,7,0,0,,,1.0,12,0,4,4
regulatory,Regulatory,-20%,-0.2,0%,0.0,2.4000000000000004,3.2,3.2,2.8000000000000003,False,False,0.15,12,0,8,0,0,0.0,7,0,0,,,1.0,12,0,4,4
regulatory,Regulatory,-20%,-0.2,+10%,0.1,2.4000000000000004,3.2,3.2,2.8000000000000003,False,False,0.165,12,0,8,0,0,0.0,7,0,0,,,1.0,12,0,4,4
regulatory,Regulatory,-20%,-0.2,+20%,0.2,2.4000000000000004,3.2,3.2,2.8000000000000003,False,False,0.18,12,0,8,0,0,0.0,7,0,0,,,1.0,12,0,4,4
regulatory,Regulatory,-20%,-0.2,+30%,0.3,2.4000000000000004,3.2,3.2,2.8000000000000003,False,False,0.195,12,0,8,0,0,0.0,7,0,0,,,1.0,12,0,4,4
regulatory,Regulatory,-10%,-0.1,-30%,-0.3,2.7,3.6,3.6,3.1500000000000004,False,False,0.105,12,0,8,0,0,0.0,1,0,0,,,1.0,6,6,4,4
regulatory,Regulatory,-10%,-0.1,-20%,-0.2,2.7,3.6,3.6,3.1500000000000004,False,False,0.12,12,0,8,0,0,0.0,1,0,0,,,1.0,6,6,4,4
regulatory,Regulatory,-10%,-0.1,-10%,-0.1,2.7,3.6,3.6,3.1500000000000004,False,False,0.13500000000000004,12,0,8,0,0,0.0,1,0,0,,,1.0,6,6,4,4
regulatory,Regulatory,-10%,-0.1,0%,0.0,2.7,3.6,3.6,3.1500000000000004,False,False,0.15,12,0,8,0,0,0.0,1,0,0,,,1.0,6,6,4,4
regulatory,Regulatory,-10%,-0.1,+10%,0.1,2.7,3.6,3.6,3.1500000000000004,False,False,0.165,12,0,8,0,0,0.0,1,0,0,,,1.0,6,6,4,4
regulatory,Regulatory,-10%,-0.1,+20%,0.2,2.7,3.6,3.6,3.1500000000000004,False,False,0.18,12,0,8,0,0,0.0,1,0,0,,,1.0,6,6,4,4
regulatory,Regulatory,-10%,-0.1,+30%,0.3,2.7,3.6,3.6,3.1500000000000004,False,False,0.195,12,0,8,0,0,0.0,1,0,0,,,1.0,6,6,4,4
regulatory,Regulatory,0%,0.0,-30%,-0.3,3.0,4.0,4.0,3.5,False,False,0.105,12,0,8,0,0,0.0,1,0,0,,,1.0,6,6,4,4
regulatory,Regulatory,0%,0.0,-20%,-0.2,3.0,4.0,4.0,3.5,False,False,0.12,12,0,8,0,0,0.0,1,0,0,,,1.0,6,6,4,4
regulatory,Regulatory,0%,0.0,-10%,-0.1,3.0,4.0,4.0,3.5,False,False,0.13500000000000004,12,0,8,0,0,0.0,1,0,0,,,1.0,6,6,4,4
regulatory,Regulatory,0%,0.0,0%,0.0,3.0,4.0,4.0,3.5,False,False,0.15,12,0,8,0,0,0.0,0,0,0,,,1.0,6,6,3,5
regulatory,Regulatory,0%,0.0,+10%,0.1,3.0,4.0,4.0,3.5,False,False,0.165,12,0,8,0,0,0.0,0,0,0,,,1.0,6,6,3,5
regulatory,Regulatory,0%,0.0,+20%,0.2,3.0,4.0,4.0,3.5,False,False,0.18,12,0,8,0,0,0.0,0,0,0,,,1.0,6,6,3,5
regulatory,Regulatory,0%,0.0,+30%,0.3,3.0,4.0,4.0,3.5,False,False,0.195,12,0,8,0,0,0.0,3,0,0,,,1.0,6,6,0,8
regulatory,Regulatory,+10%,0.1,-30%,-0.3,3.3000000000000003,4.4,4.4,3.8500000000000005,False,False,0.105,6,-6,14,6,6,0.3,12,6,0,client_001|client_005|client_008|client_011|client_015|client_019,,0.5,3,3,6,8
regulatory,Regulatory,+10%,0.1,-20%,-0.2,3.3000000000000003,4.4,4.4,3.8500000000000005,False,False,0.12,6,-6,14,6,6,0.3,12,6,0,client_001|client_005|client_008|client_011|client_015|client_019,,0.5,3,3,6,8
regulatory,Regulatory,+10%,0.1,-10%,-0.1,3.3000000000000003,4.4,4.4,3.8500000000000005,False,False,0.13500000000000004,6,-6,14,6,6,0.3,12,6,0,client_001|client_005|client_008|client_011|client_015|client_019,,0.5,3,3,6,8
regulatory,Regulatory,+10%,0.1,0%,0.0,3.3000000000000003,4.4,4.4,3.8500000000000005,False,False,0.15,6,-6,14,6,6,0.3,12,6,0,client_001|client_005|client_008|client_011|client_015|client_019,,0.5,3,3,6,8
regulatory,Regulatory,+10%,0.1,+10%,0.1,3.3000000000000003,4.4,4.4,3.8500000000000005,False,False,0.165,6,-6,14,6,6,0.3,12,6,0,client_001|client_005|client_008|client_011|client_015|client_019,,0.5,3,3,6,8
regulatory,Regulatory,+10%,0.1,+20%,0.2,3.3000000000000003,4.4,4.4,3.8500000000000005,False,False,0.18,6,-6,14,6,6,0.3,12,6,0,client_001|client_005|client_008|client_011|client_015|client_019,,0.5,3,3,6,8
regulatory,Regulatory,+10%,0.1,+30%,0.3,3.3000000000000003,4.4,4.4,3.8500000000000005,False,False,0.195,6,-6,14,6,6,0.3,12,6,0,client_001|client_005|client_008|client_011|client_015|client_019,,0.5,3,3,6,8
regulatory,Regulatory,+20%,0.2,-30%,-0.3,3.5999999999999996,4.8,4.8,4.199999999999999,False,False,0.105,6,-6,14,6,6,0.3,15,6,0,client_001|client_005|client_008|client_011|client_015|client_019,,0.5,0,6,0,14
regulatory,Regulatory,+20%,0.2,-20%,-0.2,3.5999999999999996,4.8,4.8,4.199999999999999,False,False,0.12,6,-6,14,6,6,0.3,15,6,0,client_001|client_005|client_008|client_011|client_015|client_019,,0.5,0,6,0,14
regulatory,Regulatory,+20%,0.2,-10%,-0.1,3.5999999999999996,4.8,4.8,4.199999999999999,False,False,0.13500000000000004,6,-6,14,6,6,0.3,15,6,0,client_001|client_005|client_008|client_011|client_015|client_019,,0.5,0,6,0,14
regulatory,Regulatory,+20%,0.2,0%,0.0,3.5999999999999996,4.8,4.8,4.199999999999999,False,False,0.15,6,-6,14,6,6,0.3,15,6,0,client_001|client_005|client_008|client_011|client_015|client_019,,0.5,0,6,0,14
regulatory,Regulatory,+20%,0.2,+10%,0.1,3.5999999999999996,4.8,4.8,4.199999999999999,False,False,0.165,6,-6,14,6,6,0.3,15,6,0,client_001|client_005|client_008|client_011|client_015|client_019,,0.5,0,6,0,14
regulatory,Regulatory,+20%,0.2,+20%,0.2,3.5999999999999996,4.8,4.8,4.199999999999999,False,False,0.18,6,-6,14,6,6,0.3,15,6,0,client_001|client_005|client_008|client_011|client_015|client_019,,0.5,0,6,0,14
regulatory,Regulatory,+20%,0.2,+30%,0.3,3.5999999999999996,4.8,4.8,4.199999999999999,False,False,0.195,6,-6,14,6,6,0.3,15,6,0,client_001|client_005|client_008|client_011|client_015|client_019,,0.5,0,6,0,14
regulatory,Regulatory,+30%,0.3,-30%,-0.3,3.9000000000000004,5.0,5.0,4.45,False,True,0.105,3,-9,17,9,9,0.45,15,9,0,client_001|client_003|client_005|client_008|client_010|client_011|client_015|client_017|client_019,,0.25,0,3,3,14
regulatory,Regulatory,+30%,0.3,-20%,-0.2,3.9000000000000004,5.0,5.0,4.45,False,True,0.12,3,-9,17,9,9,0.45,15,9,0,client_001|client_003|client_005|client_008|client_010|client_011|client_015|client_017|client_019,,0.25,0,3,3,14
regulatory,Regulatory,+30%,0.3,-10%,-0.1,3.9000000000000004,5.0,5.0,4.45,False,True,0.13500000000000004,3,-9,17,9,9,0.45,15,9,0,client_001|client_003|client_005|client_008|client_010|client_011|client_015|client_017|client_019,,0.25,0,3,3,14
regulatory,Regulatory,+30%,0.3,0%,0.0,3.9000000000000004,5.0,5.0,4.45,False,True,0.15,3,-9,17,9,9,0.45,15,9,0,client_001|client_003|client_005|client_008|client_010|client_011|client_015|client_017|client_019,,0.25,0,3,3,14
regulatory,Regulatory,+30%,0.3,+10%,0.1,3.9000000000000004,5.0,5.0,4.45,False,True,0.165,3,-9,17,9,9,0.45,15,9,0,client_001|client_003|client_005|client_008|client_010|client_011|client_015|client_017|client_019,,0.25,0,3,3,14
regulatory,Regulatory,+30%,0.3,+20%,0.2,3.9000000000000004,5.0,5.0,4.45,False,True,0.18,3,-9,17,9,9,0.45,15,9,0,client_001|client_003|client_005|client_008|client_010|client_011|client_015|client_017|client_019,,0.25,0,3,3,14
regulatory,Regulatory,+30%,0.3,+30%,0.3,3.9000000000000004,5.0,5.0,4.45,False,True,0.195,3,-9,17,9,9,0.45,15,9,0,client_001|client_003|client_005|client_008|client_010|client_011|client_015|client_017|client_019,,0.25,0,3,3,14
context,Context,-30%,-0.3,-30%,-0.3,2.0999999999999996,2.8,2.8,2.4499999999999997,False,False,0.06999999999999999,12,0,8,0,0,0.0,11,0,0,,,1.0,12,0,8,0
context,Context,-30%,-0.3,-20%,-0.2,2.0999999999999996,2.8,2.8,2.4499999999999997,False,False,0.08000000000000002,12,0,8,0,0,0.0,11,0,0,,,1.0,12,0,8,0
context,Context,-30%,-0.3,-10%,-0.1,2.0999999999999996,2.8,2.8,2.4499999999999997,False,False,0.09000000000000002,12,0,8,0,0,0.0,11,0,0,,,1.0,12,0,8,0
context,Context,-30%,-0.3,0%,0.0,2.0999999999999996,2.8,2.8,2.4499999999999997,False,False,0.1,12,0,8,0,0,0.0,11,0,0,,,1.0,12,0,8,0
context,Context,-30%,-0.3,+10%,0.1,2.0999999999999996,2.8,2.8,2.4499999999999997,False,False,0.11000000000000001,12,0,8,0,0,0.0,11,0,0,,,1.0,12,0,8,0
context,Context,-30%,-0.3,+20%,0.2,2.0999999999999996,2.8,2.8,2.4499999999999997,False,False,0.12,12,0,8,0,0,0.0,11,0,0,,,1.0,12,0,8,0
context,Context,-30%,-0.3,+30%,0.3,2.0999999999999996,2.8,2.8,2.4499999999999997,False,False,0.13,12,0,8,0,0,0.0,11,0,0,,,1.0,12,0,8,0
context,Context,-20%,-0.2,-30%,-0.3,2.4000000000000004,3.2,3.2,2.8000000000000003,False,False,0.06999999999999999,12,0,8,0,0,0.0,7,0,0,,,1.0,12,0,4,4
context,Context,-20%,-0.2,-20%,-0.2,2.4000000000000004,3.2,3.2,2.8000000000000003,False,False,0.08000000000000002,12,0,8,0,0,0.0,7,0,0,,,1.0,12,0,4,4
context,Context,-20%,-0.2,-10%,-0.1,2.4000000000000004,3.2,3.2,2.8000000000000003,False,False,0.09000000000000002,12,0,8,0,0,0.0,7,0,0,,,1.0,12,0,4,4
context,Context,-20%,-0.2,0%,0.0,2.4000000000000004,3.2,3.2,2.8000000000000003,False,False,0.1,12,0,8,0,0,0.0,7,0,0,,,1.0,12,0,4,4
context,Context,-20%,-0.2,+10%,0.1,2.4000000000000004,3.2,3.2,2.8000000000000003,False,False,0.11000000000000001,12,0,8,0,0,0.0,7,0,0,,,1.0,12,0,4,4
context,Context,-20%,-0.2,+20%,0.2,2.4000000000000004,3.2,3.2,2.8000000000000003,False,False,0.12,12,0,8,0,0,0.0,7,0,0,,,1.0,12,0,4,4
context,Context,-20%,-0.2,+30%,0.3,2.4000000000000004,3.2,3.2,2.8000000000000003,False,False,0.13,12,0,8,0,0,0.0,7,0,0,,,1.0,12,0,4,4
context,Context,-10%,-0.1,-30%,-0.3,2.7,3.6,3.6,3.1500000000000004,False,False,0.06999999999999999,12,0,8,0,0,0.0,1,0,0,,,1.0,6,6,4,4
context,Context,-10%,-0.1,-20%,-0.2,2.7,3.6,3.6,3.1500000000000004,False,False,0.08000000000000002,12,0,8,0,0,0.0,1,0,0,,,1.0,6,6,4,4
context,Context,-10%,-0.1,-10%,-0.1,2.7,3.6,3.6,3.1500000000000004,False,False,0.09000000000000002,12,0,8,0,0,0.0,1,0,0,,,1.0,6,6,4,4
context,Context,-10%,-0.1,0%,0.0,2.7,3.6,3.6,3.1500000000000004,False,False,0.1,12,0,8,0,0,0.0,1,0,0,,,1.0,6,6,4,4
context,Context,-10%,-0.1,+10%,0.1,2.7,3.6,3.6,3.1500000000000004,False,False,0.11000000000000001,12,0,8,0,0,0.0,1,0,0,,,1.0,6,6,4,4
context,Context,-10%,-0.1,+20%,0.2,2.7,3.6,3.6,3.1500000000000004,False,False,0.12,12,0,8,0,0,0.0,1,0,0,,,1.0,6,6,4,4
context,Context,-10%,-0.1,+30%,0.3,2.7,3.6,3.6,3.1500000000000004,False,False,0.13,12,0,8,0,0,0.0,1,0,0,,,1.0,6,6,4,4
context,Context,0%,0.0,-30%,-0.3,3.0,4.0,4.0,3.5,False,False,0.06999999999999999,12,0,8,0,0,0.0,1,0,0,,,1.0,6,6,4,4
context,Context,0%,0.0,-20%,-0.2,3.0,4.0,4.0,3.5,False,False,0.08000000000000002,12,0,8,0,0,0.0,1,0,0,,,1.0,6,6,4,4
context,Context,0%,0.0,-10%,-0.1,3.0,4.0,4.0,3.5,False,False,0.09000000000000002,12,0,8,0,0,0.0,0,0,0,,,1.0,6,6,3,5
context,Context,0%,0.0,0%,0.0,3.0,4.0,4.0,3.5,False,False,0.1,12,0,8,0,0,0.0,0,0,0,,,1.0,6,6,3,5
context,Context,0%,0.0,+10%,0.1,3.0,4.0,4.0,3.5,False,False,0.11000000000000001,12,0,8,0,0,0.0,0,0,0,,,1.0,6,6,3,5
context,Context,0%,0.0,+20%,0.2,3.0,4.0,4.0,3.5,False,False,0.12,12,0,8,0,0,0.0,0,0,0,,,1.0,6,6,3,5
context,Context,0%,0.0,+30%,0.3,3.0,4.0,4.0,3.5,False,False,0.13,12,0,8,0,0,0.0,0,0,0,,,1.0,6,6,3,5
context,Context,+10%,0.1,-30%,-0.3,3.3000000000000003,4.4,4.4,3.8500000000000005,False,False,0.06999999999999999,6,-6,14,6,6,0.3,12,6,0,client_001|client_005|client_008|client_011|client_015|client_019,,0.5,3,3,6,8
context,Context,+10%,0.1,-20%,-0.2,3.3000000000000003,4.4,4.4,3.8500000000000005,False,False,0.08000000000000002,6,-6,14,6,6,0.3,12,6,0,client_001|client_005|client_008|client_011|client_015|client_019,,0.5,3,3,6,8
context,Context,+10%,0.1,-10%,-0.1,3.3000000000000003,4.4,4.4,3.8500000000000005,False,False,0.09000000000000002,6,-6,14,6,6,0.3,12,6,0,client_001|client_005|client_008|client_011|client_015|client_019,,0.5,3,3,6,8
context,Context,+10%,0.1,0%,0.0,3.3000000000000003,4.4,4.4,3.8500000000000005,False,False,0.1,6,-6,14,6,6,0.3,12,6,0,client_001|client_005|client_008|client_011|client_015|client_019,,0.5,3,3,6,8
context,Context,+10%,0.1,+10%,0.1,3.3000000000000003,4.4,4.4,3.8500000000000005,False,False,0.11000000000000001,6,-6,14,6,6,0.3,12,6,0,client_001|client_005|client_008|client_011|client_015|client_019,,0.5,3,3,6,8
context,Context,+10%,0.1,+20%,0.2,3.3000000000000003,4.4,4.4,3.8500000000000005,False,False,0.12,6,-6,14,6,6,0.3,12,6,0,client_001|client_005|client_008|client_011|client_015|client_019,,0.5,3,3,6,8
context,Context,+10%,0.1,+30%,0.3,3.3000000000000003,4.4,4.4,3.8500000000000005,False,False,0.13,6,-6,14,6,6,0.3,12,6,0,client_001|client_005|client_008|client_011|client_015|client_019,,0.5,3,3,6,8
context,Context,+20%,0.2,-30%,-0.3,3.5999999999999996,4.8,4.8,4.199999999999999,False,False,0.06999999999999999,6,-6,14,6,6,0.3,15,6,0,client_001|client_005|client_008|client_011|client_015|client_019,,0.5,0,6,0,14
context,Context,+20%,0.2,-20%,-0.2,3.5999999999999996,4.8,4.8,4.199999999999999,False,False,0.08000000000000002,6,-6,14,6,6,0.3,15,6,0,client_001|client_005|client_008|client_011|client_015|client_019,,0.5,0,6,0,14
context,Context,+20%,0.2,-10%,-0.1,3.5999999999999996,4.8,4.8,4.199999999999999,False,False,0.09000000000000002,6,-6,14,6,6,0.3,15,6,0,client_001|client_005|client_008|client_011|client_015|client_019,,0.5,0,6,0,14
context,Context,+20%,0.2,0%,0.0,3.5999999999999996,4.8,4.8,4.199999999999999,False,False,0.1,6,-6,14,6,6,0.3,15,6,0,client_001|client_005|client_008|client_011|client_015|client_019,,0.5,0,6,0,14
context,Context,+20%,0.2,+10%,0.1,3.5999999999999996,4.8,4.8,4.199999999999999,False,False,0.11000000000000001,6,-6,14,6,6,0.3,15,6,0,client_001|client_005|client_008|client_011|client_015|client_019,,0.5,0,6,0,14
context,Context,+20%,0.2,+20%,0.2,3.5999999999999996,4.8,4.8,4.199999999999999,False,False,0.12,6,-6,14,6,6,0.3,15,6,0,client_001|client_005|client_008|client_011|client_015|client_019,,0.5,0,6,0,14
context,Context,+20%,0.2,+30%,0.3,3.5999999999999996,4.8,4.8,4.199999999999999,False,False,0.13,6,-6,14,6,6,0.3,15,6,0,client_001|client_005|client_008|client_011|client_015|client_019,,0.5,0,6,0,14
context,Context,+30%,0.3,-30%,-0.3,3.9000000000000004,5.0,5.0,4.45,False,True,0.06999999999999999,3,-9,17,9,9,0.45,15,9,0,client_001|client_003|client_005|client_008|client_010|client_011|client_015|client_017|client_019,,0.25,0,3,3,14
context,Context,+30%,0.3,-20%,-0.2,3.9000000000000004,5.0,5.0,4.45,False,True,0.08000000000000002,3,-9,17,9,9,0.45,15,9,0,client_001|client_003|client_005|client_008|client_010|client_011|client_015|client_017|client_019,,0.25,0,3,3,14
context,Context,+30%,0.3,-10%,-0.1,3.9000000000000004,5.0,5.0,4.45,False,True,0.09000000000000002,3,-9,17,9,9,0.45,15,9,0,client_001|client_003|client_005|client_008|client_010|client_011|client_015|client_017|client_019,,0.25,0,3,3,14
context,Context,+30%,0.3,0%,0.0,3.9000000000000004,5.0,5.0,4.45,False,True,0.1,3,-9,17,9,9,0.45,15,9,0,client_001|client_003|client_005|client_008|client_010|client_011|client_015|client_017|client_019,,0.25,0,3,3,14
context,Context,+30%,0.3,+10%,0.1,3.9000000000000004,5.0,5.0,4.45,False,True,0.11000000000000001,3,-9,17,9,9,0.45,15,9,0,client_001|client_003|client_005|client_008|client_010|client_011|client_015|client_017|client_019,,0.25,0,3,3,14
context,Context,+30%,0.3,+20%,0.2,3.9000000000000004,5.0,5.0,4.45,False,True,0.12,3,-9,17,9,9,0.45,15,9,0,client_001|client_003|client_005|client_008|client_010|client_011|client_015|client_017|client_019,,0.25,0,3,3,14
context,Context,+30%,0.3,+30%,0.3,3.9000000000000004,5.0,5.0,4.45,False,True,0.13,3,-9,17,9,9,0.45,15,9,0,client_001|client_003|client_005|client_008|client_010|client_011|client_015|client_017|client_019,,0.25,0,3,3,14
