Omitted dimension,Omitted dimension display,Was critical dimension,Client,Baseline admitted,Ablated admitted,Admission status changed,Baseline decision,Ablated decision,Decision category changed,Baseline HPS,Ablated HPS,Delta HPS,Baseline critical HPS,Ablated critical HPS,Delta critical HPS,Baseline critical minimum,Ablated critical minimum
source_reliability,Source Reliability,True,client_000,True,True,False,DIRECT_AUTO_ACCEPT,DIRECT_AUTO_ACCEPT,False,4.6,4.5,-0.09999999999999964,4.857142857142858,4.8,-0.05714285714285783,4.0,4.0
source_reliability,Source Reliability,True,client_001,True,True,False,ACCEPT_AFTER_AUTOMATED_REVIEW,ACCEPT_AFTER_AUTOMATED_REVIEW,False,3.4375,3.5468749999999996,0.10937499999999956,3.6250000000000004,3.875,0.24999999999999956,3.0,3.0
source_reliability,Source Reliability,True,client_002,False,False,False,REMEDIATE,REMEDIATE,False,3.05,3.3124999999999996,0.26249999999999973,3.0714285714285716,3.5,0.4285714285714284,2.0,2.0
source_reliability,Source Reliability,True,client_003,True,True,False,DIRECT_AUTO_ACCEPT,DIRECT_AUTO_ACCEPT,False,4.25,4.3125,0.0625,4.357142857142857,4.5,0.14285714285714324,4.0,4.0
source_reliability,Source Reliability,True,client_004,False,False,False,AUTO_REJECT,AUTO_REJECT,False,2.2375,2.546875,0.3093750000000002,2.3392857142857144,2.875,0.5357142857142856,1.0,1.0
source_reliability,Source Reliability,True,client_005,True,True,False,ACCEPT_AFTER_AUTOMATED_REVIEW,ACCEPT_AFTER_AUTOMATED_REVIEW,False,3.5,3.6249999999999996,0.12499999999999956,3.714285714285715,4.0,0.28571428571428514,3.0,3.0
source_reliability,Source Reliability,True,client_006,False,False,False,REMEDIATE,REMEDIATE,False,3.05,3.3124999999999996,0.26249999999999973,3.0714285714285716,3.5,0.4285714285714284,2.0,2.0
source_reliability,Source Reliability,True,client_007,True,True,False,DIRECT_AUTO_ACCEPT,DIRECT_AUTO_ACCEPT,False,4.6,4.5,-0.09999999999999964,4.857142857142858,4.8,-0.05714285714285783,4.0,4.0
source_reliability,Source Reliability,True,client_008,True,True,False,ACCEPT_AFTER_AUTOMATED_REVIEW,ACCEPT_AFTER_AUTOMATED_REVIEW,False,3.5,3.6249999999999996,0.12499999999999956,3.714285714285715,4.0,0.28571428571428514,3.0,3.0
source_reliability,Source Reliability,True,client_009,False,False,False,AUTO_REJECT,AUTO_REJECT,False,2.3,2.625,0.3250000000000002,2.428571428571429,3.0,0.5714285714285712,1.0,1.0
source_reliability,Source Reliability,True,client_010,True,True,False,DIRECT_AUTO_ACCEPT,DIRECT_AUTO_ACCEPT,False,4.25,4.3125,0.0625,4.357142857142857,4.5,0.14285714285714324,4.0,4.0
source_reliability,Source Reliability,True,client_011,True,True,False,ACCEPT_AFTER_AUTOMATED_REVIEW,ACCEPT_AFTER_AUTOMATED_REVIEW,False,3.5,3.6249999999999996,0.12499999999999956,3.714285714285715,4.0,0.28571428571428514,3.0,3.0
source_reliability,Source Reliability,True,client_012,False,False,False,REMEDIATE,REMEDIATE,False,3.05,3.3124999999999996,0.26249999999999973,3.0714285714285716,3.5,0.4285714285714284,2.0,2.0
source_reliability,Source Reliability,True,client_013,False,False,False,AUTO_REJECT,AUTO_REJECT,False,2.3,2.625,0.3250000000000002,2.428571428571429,3.0,0.5714285714285712,1.0,1.0
source_reliability,Source Reliability,True,client_014,True,True,False,DIRECT_AUTO_ACCEPT,DIRECT_AUTO_ACCEPT,False,4.6,4.5,-0.09999999999999964,4.857142857142858,4.8,-0.05714285714285783,4.0,4.0
source_reliability,Source Reliability,True,client_015,True,True,False,ACCEPT_AFTER_AUTOMATED_REVIEW,ACCEPT_AFTER_AUTOMATED_REVIEW,False,3.5,3.6249999999999996,0.12499999999999956,3.714285714285715,4.0,0.28571428571428514,3.0,3.0
source_reliability,Source Reliability,True,client_016,False,False,False,AUTO_REJECT,AUTO_REJECT,False,2.2375,2.546875,0.3093750000000002,2.3392857142857144,2.875,0.5357142857142856,1.0,1.0
source_reliability,Source Reliability,True,client_017,True,True,False,DIRECT_AUTO_ACCEPT,DIRECT_AUTO_ACCEPT,False,4.25,4.3125,0.0625,4.357142857142857,4.5,0.14285714285714324,4.0,4.0
source_reliability,Source Reliability,True,client_018,False,False,False,AUTO_REJECT,REMEDIATE,True,2.9875,3.2343749999999996,0.24687499999999973,2.982142857142857,3.375,0.3928571428571428,2.0,2.0
source_reliability,Source Reliability,True,client_019,True,True,False,ACCEPT_AFTER_AUTOMATED_REVIEW,ACCEPT_AFTER_AUTOMATED_REVIEW,False,3.5,3.6249999999999996,0.12499999999999956,3.714285714285715,4.0,0.28571428571428514,3.0,3.0
data_quality,Data Quality,True,client_000,True,True,False,DIRECT_AUTO_ACCEPT,DIRECT_AUTO_ACCEPT,False,4.6,4.466666666666667,-0.13333333333333286,4.857142857142858,4.777777777777778,-0.07936507936507997,4.0,4.0
data_quality,Data Quality,True,client_001,True,False,True,ACCEPT_AFTER_AUTOMATED_REVIEW,REMEDIATE,True,3.4375,3.0,-0.4375,3.6250000000000004,3.0,-0.6250000000000004,3.0,3.0
data_quality,Data Quality,True,client_002,False,False,False,REMEDIATE,AUTO_REJECT,True,3.05,2.4,-0.6499999999999999,3.0714285714285716,2.0,-1.0714285714285716,2.0,2.0
data_quality,Data Quality,True,client_003,True,True,False,DIRECT_AUTO_ACCEPT,DIRECT_AUTO_ACCEPT,False,4.25,4.0,-0.25,4.357142857142857,4.0,-0.35714285714285676,4.0,4.0
data_quality,Data Quality,True,client_004,False,False,False,AUTO_REJECT,AUTO_REJECT,False,2.2375,1.4,-0.8374999999999999,2.3392857142857144,1.0,-1.3392857142857144,1.0,1.0
data_quality,Data Quality,True,client_005,True,False,True,ACCEPT_AFTER_AUTOMATED_REVIEW,REMEDIATE,True,3.5,3.0,-0.5,3.714285714285715,3.0,-0.7142857142857149,3.0,3.0
data_quality,Data Quality,True,client_006,False,False,False,REMEDIATE,AUTO_REJECT,True,3.05,2.4,-0.6499999999999999,3.0714285714285716,2.0,-1.0714285714285716,2.0,2.0
data_quality,Data Quality,True,client_007,True,True,False,DIRECT_AUTO_ACCEPT,DIRECT_AUTO_ACCEPT,False,4.6,4.466666666666667,-0.13333333333333286,4.857142857142858,4.777777777777778,-0.07936507936507997,4.0,4.0
data_quality,Data Quality,True,client_008,True,False,True,ACCEPT_AFTER_AUTOMATED_REVIEW,REMEDIATE,True,3.5,3.0,-0.5,3.714285714285715,3.0,-0.7142857142857149,3.0,3.0
data_quality,Data Quality,True,client_009,False,False,False,AUTO_REJECT,AUTO_REJECT,False,2.3,1.4,-0.8999999999999999,2.428571428571429,1.0,-1.4285714285714288,1.0,1.0
data_quality,Data Quality,True,client_010,True,True,False,DIRECT_AUTO_ACCEPT,DIRECT_AUTO_ACCEPT,False,4.25,4.0,-0.25,4.357142857142857,4.0,-0.35714285714285676,4.0,4.0
data_quality,Data Quality,True,client_011,True,False,True,ACCEPT_AFTER_AUTOMATED_REVIEW,REMEDIATE,True,3.5,3.0,-0.5,3.714285714285715,3.0,-0.7142857142857149,3.0,3.0
data_quality,Data Quality,True,client_012,False,False,False,REMEDIATE,AUTO_REJECT,True,3.05,2.4,-0.6499999999999999,3.0714285714285716,2.0,-1.0714285714285716,2.0,2.0
data_quality,Data Quality,True,client_013,False,False,False,AUTO_REJECT,AUTO_REJECT,False,2.3,1.4,-0.8999999999999999,2.428571428571429,1.0,-1.4285714285714288,1.0,1.0
data_quality,Data Quality,True,client_014,True,True,False,DIRECT_AUTO_ACCEPT,DIRECT_AUTO_ACCEPT,False,4.6,4.466666666666667,-0.13333333333333286,4.857142857142858,4.777777777777778,-0.07936507936507997,4.0,4.0
data_quality,Data Quality,True,client_015,True,False,True,ACCEPT_AFTER_AUTOMATED_REVIEW,REMEDIATE,True,3.5,3.0,-0.5,3.714285714285715,3.0,-0.7142857142857149,3.0,3.0
data_quality,Data Quality,True,client_016,False,False,False,AUTO_REJECT,AUTO_REJECT,False,2.2375,1.4,-0.8374999999999999,2.3392857142857144,1.0,-1.3392857142857144,1.0,1.0
data_quality,Data Quality,True,client_017,True,True,False,DIRECT_AUTO_ACCEPT,DIRECT_AUTO_ACCEPT,False,4.25,4.0,-0.25,4.357142857142857,4.0,-0.35714285714285676,4.0,4.0
data_quality,Data Quality,True,client_018,False,False,False,AUTO_REJECT,AUTO_REJECT,False,2.9875,2.4,-0.5874999999999999,2.982142857142857,2.0,-0.9821428571428572,2.0,2.0
data_quality,Data Quality,True,client_019,True,False,True,ACCEPT_AFTER_AUTOMATED_REVIEW,REMEDIATE,True,3.5,3.0,-0.5,3.714285714285715,3.0,-0.7142857142857149,3.0,3.0
documentation,Documentation,False,client_000,True,True,False,DIRECT_AUTO_ACCEPT,DIRECT_AUTO_ACCEPT,False,4.6,4.705882352941177,0.10588235294117698,4.857142857142858,4.857142857142857,-8.881784197001252e-16,4.0,4.0
documentation,Documentation,False,client_001,True,True,False,ACCEPT_AFTER_AUTOMATED_REVIEW,ACCEPT_AFTER_AUTOMATED_REVIEW,False,3.4375,3.5147058823529416,0.07720588235294157,3.6250000000000004,3.6249999999999996,-8.881784197001252e-16,3.0,3.0
documentation,Documentation,False,client_002,False,False,False,REMEDIATE,REMEDIATE,False,3.05,3.058823529411765,0.008823529411765119,3.0714285714285716,3.0714285714285716,0.0,2.0,2.0
documentation,Documentation,False,client_003,True,True,False,DIRECT_AUTO_ACCEPT,DIRECT_AUTO_ACCEPT,False,4.25,4.294117647058824,0.04411764705882426,4.357142857142857,4.357142857142857,0.0,4.0,4.0
documentation,Documentation,False,client_004,False,False,False,AUTO_REJECT,AUTO_REJECT,False,2.2375,2.2794117647058827,0.04191176470588287,2.3392857142857144,2.3392857142857144,0.0,1.0,1.0
documentation,Documentation,False,client_005,True,True,False,ACCEPT_AFTER_AUTOMATED_REVIEW,ACCEPT_AFTER_AUTOMATED_REVIEW,False,3.5,3.588235294117647,0.08823529411764719,3.714285714285715,3.7142857142857144,-4.440892098500626e-16,3.0,3.0
documentation,Documentation,False,client_006,False,False,False,REMEDIATE,REMEDIATE,False,3.05,3.058823529411765,0.008823529411765119,3.0714285714285716,3.0714285714285716,0.0,2.0,2.0
documentation,Documentation,False,client_007,True,True,False,DIRECT_AUTO_ACCEPT,DIRECT_AUTO_ACCEPT,False,4.6,4.705882352941177,0.10588235294117698,4.857142857142858,4.857142857142857,-8.881784197001252e-16,4.0,4.0
documentation,Documentation,False,client_008,True,True,False,ACCEPT_AFTER_AUTOMATED_REVIEW,ACCEPT_AFTER_AUTOMATED_REVIEW,False,3.5,3.588235294117647,0.08823529411764719,3.714285714285715,3.7142857142857144,-4.440892098500626e-16,3.0,3.0
documentation,Documentation,False,client_009,False,False,False,AUTO_REJECT,AUTO_REJECT,False,2.3,2.3529411764705883,0.05294117647058849,2.428571428571429,2.4285714285714284,-4.440892098500626e-16,1.0,1.0
documentation,Documentation,False,client_010,True,True,False,DIRECT_AUTO_ACCEPT,DIRECT_AUTO_ACCEPT,False,4.25,4.294117647058824,0.04411764705882426,4.357142857142857,4.357142857142857,0.0,4.0,4.0
documentation,Documentation,False,client_011,True,True,False,ACCEPT_AFTER_AUTOMATED_REVIEW,ACCEPT_AFTER_AUTOMATED_REVIEW,False,3.5,3.588235294117647,0.08823529411764719,3.714285714285715,3.7142857142857144,-4.440892098500626e-16,3.0,3.0
documentation,Documentation,False,client_012,False,False,False,REMEDIATE,REMEDIATE,False,3.05,3.058823529411765,0.008823529411765119,3.0714285714285716,3.0714285714285716,0.0,2.0,2.0
documentation,Documentation,False,client_013,False,False,False,AUTO_REJECT,AUTO_REJECT,False,2.3,2.3529411764705883,0.05294117647058849,2.428571428571429,2.4285714285714284,-4.440892098500626e-16,1.0,1.0
documentation,Documentation,False,client_014,True,True,False,DIRECT_AUTO_ACCEPT,DIRECT_AUTO_ACCEPT,False,4.6,4.705882352941177,0.10588235294117698,4.857142857142858,4.857142857142857,-8.881784197001252e-16,4.0,4.0
documentation,Documentation,False,client_015,True,True,False,ACCEPT_AFTER_AUTOMATED_REVIEW,ACCEPT_AFTER_AUTOMATED_REVIEW,False,3.5,3.588235294117647,0.08823529411764719,3.714285714285715,3.7142857142857144,-4.440892098500626e-16,3.0,3.0
documentation,Documentation,False,client_016,False,False,False,AUTO_REJECT,AUTO_REJECT,False,2.2375,2.2794117647058827,0.04191176470588287,2.3392857142857144,2.3392857142857144,0.0,1.0,1.0
documentation,Documentation,False,client_017,True,True,False,DIRECT_AUTO_ACCEPT,DIRECT_AUTO_ACCEPT,False,4.25,4.294117647058824,0.04411764705882426,4.357142857142857,4.357142857142857,0.0,4.0,4.0
documentation,Documentation,False,client_018,False,False,False,AUTO_REJECT,AUTO_REJECT,False,2.9875,2.985294117647059,-0.0022058823529409466,2.982142857142857,2.982142857142857,0.0,2.0,2.0
documentation,Documentation,False,client_019,True,True,False,ACCEPT_AFTER_AUTOMATED_REVIEW,ACCEPT_AFTER_AUTOMATED_REVIEW,False,3.5,3.588235294117647,0.08823529411764719,3.714285714285715,3.7142857142857144,-4.440892098500626e-16,3.0,3.0
timeliness,Timeliness,False,client_000,True,True,False,DIRECT_AUTO_ACCEPT,DIRECT_AUTO_ACCEPT,False,4.6,4.705882352941177,0.10588235294117698,4.857142857142858,4.857142857142857,-8.881784197001252e-16,4.0,4.0
timeliness,Timeliness,False,client_001,True,True,False,ACCEPT_AFTER_AUTOMATED_REVIEW,ACCEPT_AFTER_AUTOMATED_REVIEW,False,3.4375,3.5147058823529416,0.07720588235294157,3.6250000000000004,3.6249999999999996,-8.881784197001252e-16,3.0,3.0
timeliness,Timeliness,False,client_002,False,False,False,REMEDIATE,REMEDIATE,False,3.05,3.058823529411765,0.008823529411765119,3.0714285714285716,3.0714285714285716,0.0,2.0,2.0
timeliness,Timeliness,False,client_003,True,True,False,DIRECT_AUTO_ACCEPT,DIRECT_AUTO_ACCEPT,False,4.25,4.294117647058824,0.04411764705882426,4.357142857142857,4.357142857142857,0.0,4.0,4.0
timeliness,Timeliness,False,client_004,False,False,False,AUTO_REJECT,AUTO_REJECT,False,2.2375,2.2794117647058827,0.04191176470588287,2.3392857142857144,2.3392857142857144,0.0,1.0,1.0
timeliness,Timeliness,False,client_005,True,True,False,ACCEPT_AFTER_AUTOMATED_REVIEW,ACCEPT_AFTER_AUTOMATED_REVIEW,False,3.5,3.588235294117647,0.08823529411764719,3.714285714285715,3.7142857142857144,-4.440892098500626e-16,3.0,3.0
timeliness,Timeliness,False,client_006,False,False,False,REMEDIATE,REMEDIATE,False,3.05,3.058823529411765,0.008823529411765119,3.0714285714285716,3.0714285714285716,0.0,2.0,2.0
timeliness,Timeliness,False,client_007,True,True,False,DIRECT_AUTO_ACCEPT,DIRECT_AUTO_ACCEPT,False,4.6,4.705882352941177,0.10588235294117698,4.857142857142858,4.857142857142857,-8.881784197001252e-16,4.0,4.0
timeliness,Timeliness,False,client_008,True,True,False,ACCEPT_AFTER_AUTOMATED_REVIEW,ACCEPT_AFTER_AUTOMATED_REVIEW,False,3.5,3.588235294117647,0.08823529411764719,3.714285714285715,3.7142857142857144,-4.440892098500626e-16,3.0,3.0
timeliness,Timeliness,False,client_009,False,False,False,AUTO_REJECT,AUTO_REJECT,False,2.3,2.3529411764705883,0.05294117647058849,2.428571428571429,2.4285714285714284,-4.440892098500626e-16,1.0,1.0
timeliness,Timeliness,False,client_010,True,True,False,DIRECT_AUTO_ACCEPT,DIRECT_AUTO_ACCEPT,False,4.25,4.294117647058824,0.04411764705882426,4.357142857142857,4.357142857142857,0.0,4.0,4.0
timeliness,Timeliness,False,client_011,True,True,False,ACCEPT_AFTER_AUTOMATED_REVIEW,ACCEPT_AFTER_AUTOMATED_REVIEW,False,3.5,3.588235294117647,0.08823529411764719,3.714285714285715,3.7142857142857144,-4.440892098500626e-16,3.0,3.0
timeliness,Timeliness,False,client_012,False,False,False,REMEDIATE,REMEDIATE,False,3.05,3.058823529411765,0.008823529411765119,3.0714285714285716,3.0714285714285716,0.0,2.0,2.0
timeliness,Timeliness,False,client_013,False,False,False,AUTO_REJECT,AUTO_REJECT,False,2.3,2.3529411764705883,0.05294117647058849,2.428571428571429,2.4285714285714284,-4.440892098500626e-16,1.0,1.0
timeliness,Timeliness,False,client_014,True,True,False,DIRECT_AUTO_ACCEPT,DIRECT_AUTO_ACCEPT,False,4.6,4.705882352941177,0.10588235294117698,4.857142857142858,4.857142857142857,-8.881784197001252e-16,4.0,4.0
timeliness,Timeliness,False,client_015,True,True,False,ACCEPT_AFTER_AUTOMATED_REVIEW,ACCEPT_AFTER_AUTOMATED_REVIEW,False,3.5,3.588235294117647,0.08823529411764719,3.714285714285715,3.7142857142857144,-4.440892098500626e-16,3.0,3.0
timeliness,Timeliness,False,client_016,False,False,False,AUTO_REJECT,AUTO_REJECT,False,2.2375,2.2794117647058827,0.04191176470588287,2.3392857142857144,2.3392857142857144,0.0,1.0,1.0
timeliness,Timeliness,False,client_017,True,True,False,DIRECT_AUTO_ACCEPT,DIRECT_AUTO_ACCEPT,False,4.25,4.294117647058824,0.04411764705882426,4.357142857142857,4.357142857142857,0.0,4.0,4.0
timeliness,Timeliness,False,client_018,False,False,False,AUTO_REJECT,AUTO_REJECT,False,2.9875,2.985294117647059,-0.0022058823529409466,2.982142857142857,2.982142857142857,0.0,2.0,2.0
timeliness,Timeliness,False,client_019,True,True,False,ACCEPT_AFTER_AUTOMATED_REVIEW,ACCEPT_AFTER_AUTOMATED_REVIEW,False,3.5,3.588235294117647,0.08823529411764719,3.714285714285715,3.7142857142857144,-4.440892098500626e-16,3.0,3.0
regulatory,Regulatory,True,client_000,True,True,False,DIRECT_AUTO_ACCEPT,DIRECT_AUTO_ACCEPT,False,4.6,4.529411764705882,-0.0705882352941174,4.857142857142858,4.818181818181818,-0.03896103896103931,4.0,4.0
regulatory,Regulatory,True,client_001,True,True,False,ACCEPT_AFTER_AUTOMATED_REVIEW,ACCEPT_AFTER_AUTOMATED_REVIEW,False,3.4375,3.5147058823529416,0.07720588235294157,3.6250000000000004,3.7954545454545454,0.17045454545454497,3.0,3.0
regulatory,Regulatory,True,client_002,False,False,False,REMEDIATE,REMEDIATE,False,3.05,3.235294117647059,0.18529411764705905,3.0714285714285716,3.3636363636363638,0.29220779220779214,2.0,2.0
regulatory,Regulatory,True,client_003,True,True,False,DIRECT_AUTO_ACCEPT,DIRECT_AUTO_ACCEPT,False,4.25,4.294117647058824,0.04411764705882426,4.357142857142857,4.454545454545455,0.09740259740259827,4.0,4.0
regulatory,Regulatory,True,client_004,False,False,False,AUTO_REJECT,AUTO_REJECT,False,2.2375,2.4558823529411766,0.2183823529411768,2.3392857142857144,2.7045454545454546,0.3652597402597402,1.0,1.0
regulatory,Regulatory,True,client_005,True,True,False,ACCEPT_AFTER_AUTOMATED_REVIEW,ACCEPT_AFTER_AUTOMATED_REVIEW,False,3.5,3.588235294117647,0.08823529411764719,3.714285714285715,3.9090909090909096,0.19480519480519476,3.0,3.0
regulatory,Regulatory,True,client_006,False,False,False,REMEDIATE,REMEDIATE,False,3.05,3.235294117647059,0.18529411764705905,3.0714285714285716,3.3636363636363638,0.29220779220779214,2.0,2.0
regulatory,Regulatory,True,client_007,True,True,False,DIRECT_AUTO_ACCEPT,DIRECT_AUTO_ACCEPT,False,4.6,4.529411764705882,-0.0705882352941174,4.857142857142858,4.818181818181818,-0.03896103896103931,4.0,4.0
regulatory,Regulatory,True,client_008,True,True,False,ACCEPT_AFTER_AUTOMATED_REVIEW,ACCEPT_AFTER_AUTOMATED_REVIEW,False,3.5,3.588235294117647,0.08823529411764719,3.714285714285715,3.9090909090909096,0.19480519480519476,3.0,3.0
regulatory,Regulatory,True,client_009,False,False,False,AUTO_REJECT,AUTO_REJECT,False,2.3,2.5294117647058827,0.22941176470588287,2.428571428571429,2.8181818181818183,0.3896103896103895,1.0,1.0
regulatory,Regulatory,True,client_010,True,True,False,DIRECT_AUTO_ACCEPT,DIRECT_AUTO_ACCEPT,False,4.25,4.294117647058824,0.04411764705882426,4.357142857142857,4.454545454545455,0.09740259740259827,4.0,4.0
regulatory,Regulatory,True,client_011,True,True,False,ACCEPT_AFTER_AUTOMATED_REVIEW,ACCEPT_AFTER_AUTOMATED_REVIEW,False,3.5,3.588235294117647,0.08823529411764719,3.714285714285715,3.9090909090909096,0.19480519480519476,3.0,3.0
regulatory,Regulatory,True,client_012,False,False,False,REMEDIATE,REMEDIATE,False,3.05,3.235294117647059,0.18529411764705905,3.0714285714285716,3.3636363636363638,0.29220779220779214,2.0,2.0
regulatory,Regulatory,True,client_013,False,False,False,AUTO_REJECT,AUTO_REJECT,False,2.3,2.5294117647058827,0.22941176470588287,2.428571428571429,2.8181818181818183,0.3896103896103895,1.0,1.0
regulatory,Regulatory,True,client_014,True,True,False,DIRECT_AUTO_ACCEPT,DIRECT_AUTO_ACCEPT,False,4.6,4.529411764705882,-0.0705882352941174,4.857142857142858,4.818181818181818,-0.03896103896103931,4.0,4.0
regulatory,Regulatory,True,client_015,True,True,False,ACCEPT_AFTER_AUTOMATED_REVIEW,ACCEPT_AFTER_AUTOMATED_REVIEW,False,3.5,3.588235294117647,0.08823529411764719,3.714285714285715,3.9090909090909096,0.19480519480519476,3.0,3.0
regulatory,Regulatory,True,client_016,False,False,False,AUTO_REJECT,AUTO_REJECT,False,2.2375,2.4558823529411766,0.2183823529411768,2.3392857142857144,2.7045454545454546,0.3652597402597402,1.0,1.0
regulatory,Regulatory,True,client_017,True,True,False,DIRECT_AUTO_ACCEPT,DIRECT_AUTO_ACCEPT,False,4.25,4.294117647058824,0.04411764705882426,4.357142857142857,4.454545454545455,0.09740259740259827,4.0,4.0
regulatory,Regulatory,True,client_018,False,False,False,AUTO_REJECT,REMEDIATE,True,2.9875,3.1617647058823533,0.17426470588235343,2.982142857142857,3.25,0.2678571428571428,2.0,2.0
regulatory,Regulatory,True,client_019,True,True,False,ACCEPT_AFTER_AUTOMATED_REVIEW,ACCEPT_AFTER_AUTOMATED_REVIEW,False,3.5,3.588235294117647,0.08823529411764719,3.714285714285715,3.9090909090909096,0.19480519480519476,3.0,3.0
context,Context,True,client_000,True,True,False,DIRECT_AUTO_ACCEPT,DIRECT_AUTO_ACCEPT,False,4.6,4.666666666666666,0.06666666666666643,4.857142857142858,4.999999999999999,0.14285714285714146,4.0,5.0
context,Context,True,client_001,True,True,False,ACCEPT_AFTER_AUTOMATED_REVIEW,ACCEPT_AFTER_AUTOMATED_REVIEW,False,3.4375,3.486111111111111,0.04861111111111116,3.6250000000000004,3.7291666666666665,0.10416666666666607,3.0,3.0
context,Context,True,client_002,False,False,False,REMEDIATE,REMEDIATE,False,3.05,3.1666666666666665,0.1166666666666667,3.0714285714285716,3.2499999999999996,0.17857142857142794,2.0,2.0
context,Context,True,client_003,True,True,False,DIRECT_AUTO_ACCEPT,DIRECT_AUTO_ACCEPT,False,4.25,4.277777777777778,0.02777777777777768,4.357142857142857,4.416666666666666,0.05952380952380931,4.0,4.0
context,Context,True,client_004,False,False,False,AUTO_REJECT,AUTO_REJECT,False,2.2375,2.375,0.13750000000000018,2.3392857142857144,2.5624999999999996,0.22321428571428514,1.0,1.0
context,Context,True,client_005,True,True,False,ACCEPT_AFTER_AUTOMATED_REVIEW,ACCEPT_AFTER_AUTOMATED_REVIEW,False,3.5,3.5555555555555554,0.05555555555555536,3.714285714285715,3.8333333333333326,0.11904761904761774,3.0,3.0
context,Context,True,client_006,False,False,False,REMEDIATE,REMEDIATE,False,3.05,3.1666666666666665,0.1166666666666667,3.0714285714285716,3.2499999999999996,0.17857142857142794,2.0,2.0
context,Context,True,client_007,True,True,False,DIRECT_AUTO_ACCEPT,DIRECT_AUTO_ACCEPT,False,4.6,4.666666666666666,0.06666666666666643,4.857142857142858,4.999999999999999,0.14285714285714146,4.0,5.0
context,Context,True,client_008,True,True,False,ACCEPT_AFTER_AUTOMATED_REVIEW,ACCEPT_AFTER_AUTOMATED_REVIEW,False,3.5,3.5555555555555554,0.05555555555555536,3.714285714285715,3.8333333333333326,0.11904761904761774,3.0,3.0
context,Context,True,client_009,False,False,False,AUTO_REJECT,AUTO_REJECT,False,2.3,2.444444444444444,0.14444444444444438,2.428571428571429,2.666666666666666,0.23809523809523725,1.0,1.0
context,Context,True,client_010,True,True,False,DIRECT_AUTO_ACCEPT,DIRECT_AUTO_ACCEPT,False,4.25,4.277777777777778,0.02777777777777768,4.357142857142857,4.416666666666666,0.05952380952380931,4.0,4.0
context,Context,True,client_011,True,True,False,ACCEPT_AFTER_AUTOMATED_REVIEW,ACCEPT_AFTER_AUTOMATED_REVIEW,False,3.5,3.5555555555555554,0.05555555555555536,3.714285714285715,3.8333333333333326,0.11904761904761774,3.0,3.0
context,Context,True,client_012,False,False,False,REMEDIATE,REMEDIATE,False,3.05,3.1666666666666665,0.1166666666666667,3.0714285714285716,3.2499999999999996,0.17857142857142794,2.0,2.0
context,Context,True,client_013,False,False,False,AUTO_REJECT,AUTO_REJECT,False,2.3,2.444444444444444,0.14444444444444438,2.428571428571429,2.666666666666666,0.23809523809523725,1.0,1.0
context,Context,True,client_014,True,True,False,DIRECT_AUTO_ACCEPT,DIRECT_AUTO_ACCEPT,False,4.6,4.666666666666666,0.06666666666666643,4.857142857142858,4.999999999999999,0.14285714285714146,4.0,5.0
context,Context,True,client_015,True,True,False,ACCEPT_AFTER_AUTOMATED_REVIEW,ACCEPT_AFTER_AUTOMATED_REVIEW,False,3.5,3.5555555555555554,0.05555555555555536,3.714285714285715,3.8333333333333326,0.11904761904761774,3.0,3.0
context,Context,True,client_016,False,False,False,AUTO_REJECT,AUTO_REJECT,False,2.2375,2.375,0.13750000000000018,2.3392857142857144,2.5624999999999996,0.22321428571428514,1.0,1.0
context,Context,True,client_017,True,True,False,DIRECT_AUTO_ACCEPT,DIRECT_AUTO_ACCEPT,False,4.25,4.277777777777778,0.02777777777777768,4.357142857142857,4.416666666666666,0.05952380952380931,4.0,4.0
context,Context,True,client_018,False,False,False,AUTO_REJECT,REMEDIATE,True,2.9875,3.0972222222222223,0.1097222222222225,2.982142857142857,3.145833333333333,0.16369047619047583,2.0,2.0
context,Context,True,client_019,True,True,False,ACCEPT_AFTER_AUTOMATED_REVIEW,ACCEPT_AFTER_AUTOMATED_REVIEW,False,3.5,3.5555555555555554,0.05555555555555536,3.714285714285715,3.8333333333333326,0.11904761904761774,3.0,3.0
