scenario,session_id,session_epoch,execution_mode,client_phase1_tier_counts,unified_required_class,unified_required_tier,executed_profile_class,executed_profile_tier,governance_selected,deployment_compliant,relation_to_unified_requirement,session_security_decision_hash
T1_Plain_TADP,47e8cc0fe5b1697a3806f5393cfbd09d,0,profile_benchmark,"{""T2_DF_KS"": 3, ""T3_XMK_CKKS"": 4, ""T4_SAMK"": 5}",C4_RESTRICTED,T4_SAMK,C1_PUBLIC,T1_BASELINE,False,False,below_unified_session_requirement__benchmark_only_not_deployment,02a004077765517e54657a1072e98c5ff8b30be1276296850f021743aa43481c
T1_Plain_TADP,c02695f74725b6e474e167497caee27c,0,profile_benchmark,"{""T2_DF_KS"": 3, ""T3_XMK_CKKS"": 4, ""T4_SAMK"": 5}",C4_RESTRICTED,T4_SAMK,C1_PUBLIC,T1_BASELINE,False,False,below_unified_session_requirement__benchmark_only_not_deployment,74e7e496a2965934815498fda15c0fe301c572934d9dad3bd52ab614cd21e31a
T1_Plain_TADP,6486aa3046e5e26bd445de2872119e69,0,profile_benchmark,"{""T2_DF_KS"": 3, ""T3_XMK_CKKS"": 4, ""T4_SAMK"": 5}",C4_RESTRICTED,T4_SAMK,C1_PUBLIC,T1_BASELINE,False,False,below_unified_session_requirement__benchmark_only_not_deployment,7cfa8b4cccb3826c339933a9968f0ef614429c5143b57b1ef56cef870af3d4eb
T1_Plain_TADP,004742d35e8095b1207d33b5101c8e3f,0,profile_benchmark,"{""T2_DF_KS"": 3, ""T3_XMK_CKKS"": 4, ""T4_SAMK"": 5}",C4_RESTRICTED,T4_SAMK,C1_PUBLIC,T1_BASELINE,False,False,below_unified_session_requirement__benchmark_only_not_deployment,30300ae3849b74417402ebea4f2d0b34c8295af994133e740878d4571fd8758e
T1_Plain_TADP,a15b348f85bb182c83947cdb6e17beca,0,profile_benchmark,"{""T2_DF_KS"": 3, ""T3_XMK_CKKS"": 4, ""T4_SAMK"": 5}",C4_RESTRICTED,T4_SAMK,C1_PUBLIC,T1_BASELINE,False,False,below_unified_session_requirement__benchmark_only_not_deployment,f8309220f1f45e721e8a9f419a375e6f95d94048bf5ffb4f916c98e7b2c1dd07
T1_TEST_SIGNATURE_ATTACK,c8380d82e0b34627d87edfad5119d6d0,0,profile_benchmark,"{""T2_DF_KS"": 3, ""T3_XMK_CKKS"": 4, ""T4_SAMK"": 5}",C4_RESTRICTED,T4_SAMK,C1_PUBLIC,T1_BASELINE,False,False,below_unified_session_requirement__benchmark_only_not_deployment,91472586c3e1e4be0b840110a91ee3f239ff2a54851dcd34c2dccb0dd5b0ea15
T1_TEST_SIGNATURE_ATTACK,8640eb08527dd38e96094fc4eac58961,0,profile_benchmark,"{""T2_DF_KS"": 3, ""T3_XMK_CKKS"": 4, ""T4_SAMK"": 5}",C4_RESTRICTED,T4_SAMK,C1_PUBLIC,T1_BASELINE,False,False,below_unified_session_requirement__benchmark_only_not_deployment,7ede0ae5feba4c455d88c3ed60befe2ff5f8a9bd1046c1d081aa23e97ea7cc23
T1_TEST_SIGNATURE_ATTACK,e0440bee048c4e2f2a62a61be04c2d13,0,profile_benchmark,"{""T2_DF_KS"": 3, ""T3_XMK_CKKS"": 4, ""T4_SAMK"": 5}",C4_RESTRICTED,T4_SAMK,C1_PUBLIC,T1_BASELINE,False,False,below_unified_session_requirement__benchmark_only_not_deployment,f02422a768c8937f8eca7d95872f4f9176baa2cba8961c70f1fc95de5d74c6a2
T2_DF_KS_TADP,291e6e90f9499edde9b28c0284e3cc47,0,profile_benchmark,"{""T2_DF_KS"": 3, ""T3_XMK_CKKS"": 4, ""T4_SAMK"": 5}",C4_RESTRICTED,T4_SAMK,C2_INTERNAL,T2_DF_KS,False,False,below_unified_session_requirement__benchmark_only_not_deployment,c141694a0ff3b94665196f8fa589a463d97e2ed4daf7f74f02fc61f8a6e2eeda
T2_DF_KS_TADP,401470ea49f52a5bd04afe9b932d07cb,0,profile_benchmark,"{""T2_DF_KS"": 3, ""T3_XMK_CKKS"": 4, ""T4_SAMK"": 5}",C4_RESTRICTED,T4_SAMK,C2_INTERNAL,T2_DF_KS,False,False,below_unified_session_requirement__benchmark_only_not_deployment,19a5a822fe806754313ac34563d1fa8dd2f35b0314c2c9d04b1e28c1ae7efbb5
T2_DF_KS_TADP,74497a100d1731fcc8e8ef3e42482df2,0,profile_benchmark,"{""T2_DF_KS"": 3, ""T3_XMK_CKKS"": 4, ""T4_SAMK"": 5}",C4_RESTRICTED,T4_SAMK,C2_INTERNAL,T2_DF_KS,False,False,below_unified_session_requirement__benchmark_only_not_deployment,c7f07349244cd6232bef14fff19d393eca1b0f05a3771da54caacbee14d90ebe
T2_DF_KS_TADP,dd0fddfbc7a6df4febf685f680963423,0,profile_benchmark,"{""T2_DF_KS"": 3, ""T3_XMK_CKKS"": 4, ""T4_SAMK"": 5}",C4_RESTRICTED,T4_SAMK,C2_INTERNAL,T2_DF_KS,False,False,below_unified_session_requirement__benchmark_only_not_deployment,c0d16c8fe93f1157d9f8deafc4808d94ee4152ca4815d55160da85756c4dd252
T2_DF_KS_TADP,914e8d2d79f9d1f85cd58b184a91ed5e,0,profile_benchmark,"{""T2_DF_KS"": 3, ""T3_XMK_CKKS"": 4, ""T4_SAMK"": 5}",C4_RESTRICTED,T4_SAMK,C2_INTERNAL,T2_DF_KS,False,False,below_unified_session_requirement__benchmark_only_not_deployment,3a8ac63d11308a1361ef1021356be60c109de6cbcc14f977fde1836a04b33d7d
T2_TEST_REPLAY_ATTACK,d0f9d5af670a1c7d28e03b7e01a1feba,0,profile_benchmark,"{""T2_DF_KS"": 3, ""T3_XMK_CKKS"": 4, ""T4_SAMK"": 5}",C4_RESTRICTED,T4_SAMK,C2_INTERNAL,T2_DF_KS,False,False,below_unified_session_requirement__benchmark_only_not_deployment,21caaf5a759db23af4d8f1a714bcf42c9e36f672495037250702dd2c6551e562
T2_TEST_REPLAY_ATTACK,bee8fb18bbba30a4ef12a650b8b2a108,0,profile_benchmark,"{""T2_DF_KS"": 3, ""T3_XMK_CKKS"": 4, ""T4_SAMK"": 5}",C4_RESTRICTED,T4_SAMK,C2_INTERNAL,T2_DF_KS,False,False,below_unified_session_requirement__benchmark_only_not_deployment,bc1061a34de36040859635ca523eec669520f4bd289758a2814698a2bf14fbb9
T2_TEST_REPLAY_ATTACK,da68aafab775679dfed146898592aa00,0,profile_benchmark,"{""T2_DF_KS"": 3, ""T3_XMK_CKKS"": 4, ""T4_SAMK"": 5}",C4_RESTRICTED,T4_SAMK,C2_INTERNAL,T2_DF_KS,False,False,below_unified_session_requirement__benchmark_only_not_deployment,4b9fae45e5a6b5d1fd92318bb6c15af3c8c24b1ccb4bfbfd44c19fe7792fc2db
T3_XMK_CKKS_TADP,f38faee3fa6f33ee19f2eb5b1be0b18b,0,profile_benchmark,"{""T2_DF_KS"": 3, ""T3_XMK_CKKS"": 4, ""T4_SAMK"": 5}",C4_RESTRICTED,T4_SAMK,C3_CONFIDENTIAL,T3_XMK_CKKS,False,False,below_unified_session_requirement__benchmark_only_not_deployment,f2505c26086649a46503bab5f2c20e438d3a6a5fc5c98e4a5c6b1888ee4c42ae
T3_XMK_CKKS_TADP,405174f37e52b27dfd697084fe54371f,0,profile_benchmark,"{""T2_DF_KS"": 3, ""T3_XMK_CKKS"": 4, ""T4_SAMK"": 5}",C4_RESTRICTED,T4_SAMK,C3_CONFIDENTIAL,T3_XMK_CKKS,False,False,below_unified_session_requirement__benchmark_only_not_deployment,a917f539e4df71b30fbdc5da6f79e07c43654452a0e264c604f56b26e04f70a6
T3_XMK_CKKS_TADP,d7bbcc955605cabbad5e2409dd613feb,0,profile_benchmark,"{""T2_DF_KS"": 3, ""T3_XMK_CKKS"": 4, ""T4_SAMK"": 5}",C4_RESTRICTED,T4_SAMK,C3_CONFIDENTIAL,T3_XMK_CKKS,False,False,below_unified_session_requirement__benchmark_only_not_deployment,c4cb05689fe809929a03616b66635699a1becd3aea79417417cc4276e540857d
T3_XMK_CKKS_TADP,9c1286978e84af7283d763691840d355,0,profile_benchmark,"{""T2_DF_KS"": 3, ""T3_XMK_CKKS"": 4, ""T4_SAMK"": 5}",C4_RESTRICTED,T4_SAMK,C3_CONFIDENTIAL,T3_XMK_CKKS,False,False,below_unified_session_requirement__benchmark_only_not_deployment,3e85f890cf3c311125b6eaadaa813fd10a33030c64c8511f6ffcecf893222494
T3_XMK_CKKS_TADP,b9923b9284cb2e5e7c6a988f4315368d,0,profile_benchmark,"{""T2_DF_KS"": 3, ""T3_XMK_CKKS"": 4, ""T4_SAMK"": 5}",C4_RESTRICTED,T4_SAMK,C3_CONFIDENTIAL,T3_XMK_CKKS,False,False,below_unified_session_requirement__benchmark_only_not_deployment,9fdc6f75dd80c3195931b19cb822e525f8a000729f82d11280d6b1e5f11f6339
T3_TEST_POFC_ATTACK,164dc550891ce868339ebb55a0a59e20,0,profile_benchmark,"{""T2_DF_KS"": 3, ""T3_XMK_CKKS"": 4, ""T4_SAMK"": 5}",C4_RESTRICTED,T4_SAMK,C3_CONFIDENTIAL,T3_XMK_CKKS,False,False,below_unified_session_requirement__benchmark_only_not_deployment,c731aaff32312676e77f3ebbb6d020c220b5a31eb8091e7eef48e428dfff2dd4
T3_TEST_POFC_ATTACK,ad3849a8b7e19e7661270609f03fe9c9,0,profile_benchmark,"{""T2_DF_KS"": 3, ""T3_XMK_CKKS"": 4, ""T4_SAMK"": 5}",C4_RESTRICTED,T4_SAMK,C3_CONFIDENTIAL,T3_XMK_CKKS,False,False,below_unified_session_requirement__benchmark_only_not_deployment,b87f3f0a49bf206647ae722854a21302936821d3072a176fd0b40b640659fd3e
T3_TEST_POFC_ATTACK,dd87b6081770bbfc0867c8b145f2764b,0,profile_benchmark,"{""T2_DF_KS"": 3, ""T3_XMK_CKKS"": 4, ""T4_SAMK"": 5}",C4_RESTRICTED,T4_SAMK,C3_CONFIDENTIAL,T3_XMK_CKKS,False,False,below_unified_session_requirement__benchmark_only_not_deployment,afcfef139960b3a473944a19d6d3230d5ebd5b7209421c9e7b96c9f924c31e2d
T4_SAMK_TADP,46cd107c5d824d4c40da38567202384a,0,profile_benchmark,"{""T2_DF_KS"": 3, ""T3_XMK_CKKS"": 4, ""T4_SAMK"": 5}",C4_RESTRICTED,T4_SAMK,C4_RESTRICTED,T4_SAMK,False,True,matches_or_exceeds_unified_session_requirement,465f670e891c7de7ac85fd2026de96d9fc77ed2d071d815ad80d54971a1f3847
T4_SAMK_TADP,71120d4d85cc3d63010c3b0c6870e024,0,profile_benchmark,"{""T2_DF_KS"": 3, ""T3_XMK_CKKS"": 4, ""T4_SAMK"": 5}",C4_RESTRICTED,T4_SAMK,C4_RESTRICTED,T4_SAMK,False,True,matches_or_exceeds_unified_session_requirement,2375a9812595289913c055fe187a73a09aa705cf54ebb6ed50c0a7f3820c3953
T4_SAMK_TADP,195cf7291189d5e9aa94e8daf5ba25c6,0,profile_benchmark,"{""T2_DF_KS"": 3, ""T3_XMK_CKKS"": 4, ""T4_SAMK"": 5}",C4_RESTRICTED,T4_SAMK,C4_RESTRICTED,T4_SAMK,False,True,matches_or_exceeds_unified_session_requirement,fe65f7c1634bf8d05eeae81234a75cca6a379d04dc4cca0c3a8a54c3fe32e8c5
T4_TEST_DROPOUT,5e7c2af2de4d6517ccc21456a7cd90c8,0,profile_benchmark,"{""T2_DF_KS"": 3, ""T3_XMK_CKKS"": 4, ""T4_SAMK"": 5}",C4_RESTRICTED,T4_SAMK,C4_RESTRICTED,T4_SAMK,False,True,matches_or_exceeds_unified_session_requirement,3c8342e95736bd69bd0b4ab9e40307a21c30f360dc67c385456b9f836bed7259
T4_TEST_DROPOUT,6c67d17c6b17d323eb954c3d9365d5f3,0,profile_benchmark,"{""T2_DF_KS"": 3, ""T3_XMK_CKKS"": 4, ""T4_SAMK"": 5}",C4_RESTRICTED,T4_SAMK,C4_RESTRICTED,T4_SAMK,False,True,matches_or_exceeds_unified_session_requirement,44a1d31adb8a207da961c6a1348d56a6af90a30b986ccb4c9d05aba8eed70743
T4_TEST_DROPOUT,ccb9c2a8e00a9135f94fb98fcadfd44c,0,profile_benchmark,"{""T2_DF_KS"": 3, ""T3_XMK_CKKS"": 4, ""T4_SAMK"": 5}",C4_RESTRICTED,T4_SAMK,C4_RESTRICTED,T4_SAMK,False,True,matches_or_exceeds_unified_session_requirement,ff8a7dbe951d819646304c214ff63103f34001aa639e04c01661dfa5608344e9
