Client,PScore,Governance archetype,Source reliability,Data quality,Documentation,Timeliness,Regulatory,Context,Critical HPS,Critical minimum,T_C_review,T_C_applied,C_min,Recommendation,Reason code,Rationale,Final disposition,Current session eligibility,Reassessment eligibility,Admitted
client_001,3.4375,G3_ADEQUATE,3.0,4.75,3.0,3.0,3.0,3.0,3.625,3.0,3.5,3.5,3.0,ACCEPT_AFTER_AUTOMATED_REVIEW,INTERMEDIATE_OVERALL_REVIEW_CRITICAL_PROFILE_SUFFICIENT,T_R=3.00 <= HPS=3.4375 < T_A=4.00; HPS_C=3.6250 >= T_C_review=3.50; critical_min=3.0000 >= C_min=3.00.,NOT_REQUIRED_AUTOMATED_POLICY,ELIGIBLE,NOT_REQUIRED,True
client_002,3.05,G4_REMEDIATION_NEEDED,2.0,5.0,3.0,3.0,2.0,2.0,3.0714,2.0,3.5,,3.0,REMEDIATE,CRITICAL_DIMENSION_BELOW_ADEQUATE,context=2.0000 < C_min=3.00 | regulatory=2.0000 < C_min=3.00 | source_reliability=2.0000 < C_min=3.00,NOT_REQUIRED_AUTOMATED_POLICY,NOT_ELIGIBLE,ELIGIBLE_AFTER_REMEDIATION_AND_REASSESSMENT,False
client_005,3.5,G3_ADEQUATE,3.0,5.0,3.0,3.0,3.0,3.0,3.7143,3.0,3.5,3.5,3.0,ACCEPT_AFTER_AUTOMATED_REVIEW,INTERMEDIATE_OVERALL_REVIEW_CRITICAL_PROFILE_SUFFICIENT,T_R=3.00 <= HPS=3.5000 < T_A=4.00; HPS_C=3.7143 >= T_C_review=3.50; critical_min=3.0000 >= C_min=3.00.,NOT_REQUIRED_AUTOMATED_POLICY,ELIGIBLE,NOT_REQUIRED,True
client_006,3.05,G4_REMEDIATION_NEEDED,2.0,5.0,3.0,3.0,2.0,2.0,3.0714,2.0,3.5,,3.0,REMEDIATE,CRITICAL_DIMENSION_BELOW_ADEQUATE,context=2.0000 < C_min=3.00 | regulatory=2.0000 < C_min=3.00 | source_reliability=2.0000 < C_min=3.00,NOT_REQUIRED_AUTOMATED_POLICY,NOT_ELIGIBLE,ELIGIBLE_AFTER_REMEDIATION_AND_REASSESSMENT,False
client_008,3.5,G3_ADEQUATE,3.0,5.0,3.0,3.0,3.0,3.0,3.7143,3.0,3.5,3.5,3.0,ACCEPT_AFTER_AUTOMATED_REVIEW,INTERMEDIATE_OVERALL_REVIEW_CRITICAL_PROFILE_SUFFICIENT,T_R=3.00 <= HPS=3.5000 < T_A=4.00; HPS_C=3.7143 >= T_C_review=3.50; critical_min=3.0000 >= C_min=3.00.,NOT_REQUIRED_AUTOMATED_POLICY,ELIGIBLE,NOT_REQUIRED,True
client_011,3.5,G3_ADEQUATE,3.0,5.0,3.0,3.0,3.0,3.0,3.7143,3.0,3.5,3.5,3.0,ACCEPT_AFTER_AUTOMATED_REVIEW,INTERMEDIATE_OVERALL_REVIEW_CRITICAL_PROFILE_SUFFICIENT,T_R=3.00 <= HPS=3.5000 < T_A=4.00; HPS_C=3.7143 >= T_C_review=3.50; critical_min=3.0000 >= C_min=3.00.,NOT_REQUIRED_AUTOMATED_POLICY,ELIGIBLE,NOT_REQUIRED,True
client_012,3.05,G4_REMEDIATION_NEEDED,2.0,5.0,3.0,3.0,2.0,2.0,3.0714,2.0,3.5,,3.0,REMEDIATE,CRITICAL_DIMENSION_BELOW_ADEQUATE,context=2.0000 < C_min=3.00 | regulatory=2.0000 < C_min=3.00 | source_reliability=2.0000 < C_min=3.00,NOT_REQUIRED_AUTOMATED_POLICY,NOT_ELIGIBLE,ELIGIBLE_AFTER_REMEDIATION_AND_REASSESSMENT,False
client_015,3.5,G3_ADEQUATE,3.0,5.0,3.0,3.0,3.0,3.0,3.7143,3.0,3.5,3.5,3.0,ACCEPT_AFTER_AUTOMATED_REVIEW,INTERMEDIATE_OVERALL_REVIEW_CRITICAL_PROFILE_SUFFICIENT,T_R=3.00 <= HPS=3.5000 < T_A=4.00; HPS_C=3.7143 >= T_C_review=3.50; critical_min=3.0000 >= C_min=3.00.,NOT_REQUIRED_AUTOMATED_POLICY,ELIGIBLE,NOT_REQUIRED,True
client_019,3.5,G3_ADEQUATE,3.0,5.0,3.0,3.0,3.0,3.0,3.7143,3.0,3.5,3.5,3.0,ACCEPT_AFTER_AUTOMATED_REVIEW,INTERMEDIATE_OVERALL_REVIEW_CRITICAL_PROFILE_SUFFICIENT,T_R=3.00 <= HPS=3.5000 < T_A=4.00; HPS_C=3.7143 >= T_C_review=3.50; critical_min=3.0000 >= C_min=3.00.,NOT_REQUIRED_AUTOMATED_POLICY,ELIGIBLE,NOT_REQUIRED,True
